,0,1,2,3,4,5,6,7,8,9,10,11,12,13,14,15,16,17,18,19,20,21,22,23,24,25,26,27,28,29,30,31,32,33,34,35,36,37,38,39,40,41,42,43,44,45,46,47,48,49,50,51,52,53,54,55,56,57,58,59,60,61,62,63,64,65,66,67,68,69,70,71,72,73,74,75,76,77,Indicadora
0,Afghanistan,17,1,19,0,23323000,40.58,177,5,31.9,27,45.1,55.3,47,78.2,60463000,0,0,1.92613064,52,10,396,40,66.3,62.1,70.3,35.5,91.1,87.4,94.6,67399,4300,36242,94261,36.3,51.1111,73.3333,5,93356000,10075000,49265000,0,0,0,0,0,28796000,13248000,11198000,122152000,23323000,60463000,0,0,0,0,0,0,122152000,0,0,11,9,0,27.71084337,0.5,40,3,9,20,353,1642,114,250,7,275,2,36.3,Mal
1,Albania,10,9,10.4,6,350193000,60.5,97,44,93.2,90.2,95.5,95.1,95.2,94.9,67325000,0,18.8,0.053360538,1900,3,29,50,12.5,11.2,13.7,6.2,14,12.5,15.3,564,11,279,618,3.6,72.22223333,66.6667,0,63421000,137095000,10959000,364230000,27521000,37376000,40916000,5636000,156997000,157102000,23108000,220418000,294197000,34067000,6252000,15080000,101000,407858000,55996000,33258000,628276000,0,0,14.27837299,6,14.1,20.71428571,27.1,100,6,7,34,160.9831932,525,177,22,5.5,357,2,36.5,Bien
2,Algeria,14,4,10.9,0,81867000,45.72,163,40,87.6,82.2,89.8,83.6,81.8,84.3,21832000,0,30.6,0.41934133,240,13,140,50,21.9,20.5,23.2,15.5,25.5,24,26.8,20899,1300,14773,24269,35.5,53.33336667,80.0001,18,156481000,29678000,13945000,0,0,8523000,0,401000,13042000,52110000,0,169523000,81788000,13945000,51046000,79000,7486000,59569000,79000,7887000,229092000,0,0,17,10,6.6,31.6017316,1.9,30,12,2,27,204,630,180,55,20,385,1.3,72.7,Bien
3,Angola,26,4,22.5,0,7618809000,39.64,181,50,51.6,22.5,88.6,49,28.2,75.4,677161000,0,9,3.084885865,32,17,477,40,96,87.9,103.7,48.7,156.9,148.9,164.6,104291,5400,53164,169310,17.7,47.77776667,73.3333,34,5547690000,5901489000,185289000,0,70000000,1863245000,1117883000,265803000,16686000,329628000,10379000,5564376000,6231117000,195668000,398214000,269809000,145690000,2261459000,1387692000,481493000,7825835000,0,0,10,7,21.7,36.81818182,3.3,30,8,1,30,203,1296,145,190,36,282,2.591785792,48.4,Bien
4,Antigua and Barbuda,1,4,9.5,0,13645323662,59.7,104,29,72.29814518,65.98358183,78.69736462,97.9,97.9,97.9,2367048074,382061313,10.7,0.758700851,2851.535211,2,171.0704225,50,5.8,5.2,6.3,4.9,8.1,7.3,8.8,9,10793.52113,7,12,5.3,57.7778,63.3334,4,1412538212,1977659120,256485635.2,1738664237,1257711417,1147814478,8754351018,199219621.1,1111206178,2080436850,238599682.4,2523744352,4058094841,495085279.4,162726472.1,192748007.6,32970375.36,3049205263,9021472499,1489901451,6235978720,663030946.6,0,16,7,25.9,11.11111111,0,60,8,5,57,110,351,42,39,21,207,3,41.9,Bien
6,Argentina,50,7,9.7,8,13645323662,56.78,121,39,96.4,98.3,96.2,99.1,100,99,2367048074,382061313,29.3,0.126378674,790,40,52,100,11.1,10,12.2,6.3,12.5,11.3,13.7,8464,390,4797,9513,108.1,95.55556667,86.6667,70,1412538212,1977659120,256485635.2,1738664237,1257711417,1147814478,8754351018,199219621.1,1111206178,2080436850,238599682.4,2523744352,4058094841,495085279.4,162726472.1,192748007.6,32970375.36,3049205263,9021472499,1489901451,6235978720,663030946.6,100,21,7,0,36.18677043,42.6,100,14,2,9,341,590,92,51.5,25,405,2.8,137.4,Bien
7,Armenia,15,5,1,8,171240000,74.22,35,3,89.5,78.2,96.2,100,100,100,64023000,0,0,0.042664932,2300,8,25,100,12.6,11.1,13.9,7.4,14.1,12.5,15.6,513,10,301,577,0.8,93.33333333,80,71,33949000,55370000,5395000,0,42000000,622000,725000,136000,28051000,115145000,16492000,62000000,170515000,21887000,0,0,0,622000,725000,42136000,62622000,0,94.1,18,3,19.1,10.6870229,0,100,2,5,10,84,570,180,7,3,313,1.9,19.9,Bien
8,Australia,50,8,0.7,7,13645323662,80.08,13,111,100,100,100,100,100,100,2367048074,382061313,21.1,0.011521205,8700,56,6,56.89806865,3,2.7,3.3,2.2,3.8,3.4,4.1,896,19,657,1146,0.5,66.21412289,78.47684491,92,1412538212,1977659120,256485635.2,1738664237,1257711417,1147814478,8754351018,199219621.1,1111206178,2080436850,238599682.4,2523744352,4058094841,495085279.4,162726472.1,192748007.6,32970375.36,3049205263,9021472499,1489901451,6235978720,663030946.6,100,10,5,26,26.66666667,0,63.26745511,3,11,11,112,395,75,4.5,2.5,105,1,47.6,Bien
9,Austria,12,5,0.3,7,13645323662,78.38,21,11,100,100,100,100,100,100,2367048074,382061313,34.3,0.005491818,18200,3,4,56.89806865,2.9,2.6,3.1,2.1,3.5,3.2,3.9,239,3,173,288,0.6,66.21412289,78.47684491,21,1412538212,1977659120,256485635.2,1738664237,1257711417,1147814478,8754351018,199219621.1,1111206178,2080436850,238599682.4,2523744352,4058094841,495085279.4,162726472.1,192748007.6,32970375.36,3049205263,9021472499,1489901451,6235978720,663030946.6,52.8,11,3,16.8,30.6010929,2.2,63.26745511,8,5,12,223,397,23,20.5,22,166,1.1,51.7,Bien
10,Azerbaijan,18,10,1.2,6,570976000,67.8,63,12,89.3,86.6,91.6,87,77.8,94.7,88870000,0,24.8,0.062498517,1600,6,25,60,27.9,25.8,29.8,18.2,31.7,29,34.2,6519,48,4267,7206,2.1,67.7778,83.3334,42,87066000,140887000,7595000,0,27248000,165855000,178199000,17898000,144914000,251890000,34834000,231980000,392777000,42429000,24844000,0,1295000,190699000,178199000,46441000,422679000,0,0,18,3,12.9,15.57377049,33.6,60,2,2,7,203,277,87,8.5,3,195,1.5,39.8,Bien
11,"Bahamas, The",7,2,10.9,0,13645323662,59,106,44,92,92,92,98.4,98.4,98.4,2367048074,382061313,6.3,0.151994427,660,6,80,56.89806865,9.9,9.2,10.6,6.9,12.1,11.2,12.9,57,5,40,70,27.4,66.21412289,78.47684491,8,1412538212,1977659120,256485635.2,1738664237,1257711417,1147814478,8754351018,199219621.1,1111206178,2080436850,238599682.4,2523744352,4058094841,495085279.4,162726472.1,192748007.6,32970375.36,3049205263,9021472499,1489901451,6235978720,663030946.6,0,16,7,0,13.15789474,0,63.26745511,8,6,19,180,427,67,122,28.5,58,3,33.7,Bien
12,Bahrain,6,8,0.8,7,13645323662,66.81,65,9,99.2,99.2,99.2,100,100,100,2367048074,382061313,13.5,0.033687911,3000,3,15,56.89806865,5.3,5.1,5.4,1.1,6.2,5.9,6.4,115,3,24,135,0,66.21412289,78.47684491,0,1412538212,1977659120,256485635.2,1738664237,1257711417,1147814478,8754351018,199219621.1,1111206178,2080436850,238599682.4,2523744352,4058094841,495085279.4,162726472.1,192748007.6,32970375.36,3049205263,9021472499,1489901451,6235978720,663030946.6,29,8,2,0,7.5,0,63.26745511,7,1,13,145,635,85,31,9,60,2.5,13.5,Bien
13,Bangladesh,33,6,13.9,0,2708726000,43.1,174,21,60.6,62.1,57.7,86.9,87,86.5,231416000,0,15.80086321,0.421170638,240,33,176,60,30.7,28,33.3,23.3,37.6,34.7,40.4,97478,5500,74378,119326,8.70189086,76.6667,90.0001,21,285637000,897917000,47521000,0,0,0,0,0,632987000,1810809000,183460000,918624000,2708726000,230981000,1684000,0,435000,1684000,0,435000,920308000,0,0,13.4,8,15.82828818,20,0.9,80,9,6,21,269,1442,428.9,244,19.5,302,4,31.6,Mal
14,Barbados,2,2,7.1,0,13645323662,56.85,119,29,96.2,96.2,96.2,99.7,99.7,99.7,2367048074,382061313,12.2,0.047252921,2100,3,27,56.89806865,12,11,13,8,13,11.8,14.1,41,1,27,44,3,66.21412289,78.47684491,3,1412538212,1977659120,256485635.2,1738664237,1257711417,1147814478,8754351018,199219621.1,1111206178,2080436850,238599682.4,2523744352,4058094841,495085279.4,162726472.1,192748007.6,32970375.36,3049205263,9021472499,1489901451,6235978720,663030946.6,0,9,6,19.5,16.66666667,0,63.26745511,8,7,28,442,1340,87,118,18,237,1.8,34.7,Bien
15,Belarus,9,7,0.9,6,3811979000,72.33,44,2,94.3,95.2,94.1,99.7,99.1,99.9,573300000,629000,39,0.007220806,13800,3,4,90,3.4,2.9,3.8,1.9,4.6,3.9,5.1,428,5,239,567,1.1,87.77776667,93.3333,1,608713000,2555073000,229336000,1000000000,115348000,794481000,951262000,104861000,463633000,241122000,123056000,1072346000,2796195000,352392000,5686000,24324000,70000,1800167000,975586000,220279000,2872513000,0,0,16,2,11.7,27.27272727,66.9,80,3,2,7,115,275,112,3,3,176,3,51.8,Bien
16,Belgium,8,8,4.8,5,13645323662,72.5,43,13,99.5,99.4,99.5,100,100,100,2367048074,382061313,49.4,0.012565669,8000,2,7,56.89806865,3.3,2.9,3.6,2.2,4.1,3.7,4.6,417,9,278,522,0.6,66.21412289,78.47684491,1,1412538212,1977659120,256485635.2,1738664237,1257711417,1147814478,8754351018,199219621.1,1111206178,2080436850,238599682.4,2523744352,4058094841,495085279.4,162726472.1,192748007.6,32970375.36,3049205263,9021472499,1489901451,6235978720,663030946.6,0,10,8,8.4,39.33333333,96.3,63.26745511,3,4,11,212,505,88,56,4,161,0.9,58.4,Bien
17,Belize,5,3,40.7,0,45940000,56.83,120,43,90.5,88.2,93.5,99.5,100,98.9,36533000,0,5,0.079141229,1300,9,28,40,14.2,12.7,15.6,8.3,16.5,14.8,18.2,120,2,70,138,1.4,54.44446667,83.3334,36,10235000,18066000,1931000,22892000,26086000,4688000,0,758000,33435000,27874000,7758000,43670000,45940000,9689000,0,0,0,27580000,0,26844000,71250000,0,0,15,9,24.7,3.125,0,40,9,4,29,109,892,66,60,43,147,2,31.1,Bien
18,Benin,10,7,45.3,0,362770000,47.15,158,38,19.7,7.3,35.6,77.9,72.1,85.2,19697000,0,26.4,1.974065932,51,12,405,40,64.2,59.2,68.9,31.8,99.5,94.6,104,24069,1600,11955,37092,21,66.66666667,80,17,28067000,92186000,4111000,0,0,0,7996000,0,47239000,262588000,15586000,75306000,354774000,19697000,0,0,0,0,7996000,0,75306000,0,0,13,4,15.9,7.228915663,0.6,80,7,6,57,88,750,90,120,12,270,4,63.3,Mal
19,Bhutan,20,4,4,6,418512000,65.21,71,3,50.4,33.1,77.9,100,100,100,66665000,0,0,0.324892974,310,26,148,50,27.2,24.3,30,18.3,32.9,29.5,36.2,335,20,226,414,1.4,68.8889,86.6667,18,183807000,401516000,58546000,0,0,5006000,0,2888000,11267000,16996000,5231000,195074000,418512000,63777000,0,0,0,5006000,0,2888000,200080000,0,23.2,21,3,33.9,8.510638298,0,70,8,4,18,151,225,61,77,15,85,2.591785792,35.3,Mal
20,Bolivia,55,1,57.9,7,643946000,47.47,157,0,50.3,27.5,60.8,90,75.6,96.7,127005000,0,18.8,0.643990641,160,21,206,60,30.6,27.3,33.8,19.6,38.4,34.7,41.9,7504,520,4823,9415,64.9,78.8889,96.6667,99,94041000,143068000,15611000,0,54122000,2198000,14554000,154000,216916000,486324000,57118000,310957000,629392000,72729000,0,0,0,2198000,14554000,54276000,313155000,0,43.2,12,7,0,53.07692308,15,80,15,0,42,275,591,42,91,50,1025,1.8,83.7,Bien
21,Bosnia and Herzegovina,8,3,14.8,6,491026000,63.71,79,35,94.8,92,98.9,99.9,100,99.7,55545000,0,13.5,0.014623595,6800,4,11,70,5.1,4.6,5.6,4,5.4,4.8,5.9,159,4,124,169,2.6,67.7778,63.3334,1,71762000,98850000,14739000,22582000,1791000,29883000,10138000,1855000,196965000,309925000,36980000,268727000,408775000,51719000,0,72113000,180000,52465000,82251000,3826000,321192000,0,9.9,15,7,7.2,21.42857143,38,70,12,7,45,179,595,125,24,67,420,3.3,23.3,Bien
22,Botswana,13,7,0.7,6,28183000,64.98,72,2,63.4,43.1,78.5,96.2,92.3,99.2,8548000,0,0,0.374878929,270,8,129,30,34.8,31.5,37.9,21.9,43.6,39.8,47.2,2007,72,1268,2488,3.6,45.55553333,66.6666,2,11807000,1044000,1422000,0,0,0,0,0,111328000,13553000,7126000,123135000,14597000,8548000,0,0,0,0,0,0,132015000,8880000,51.1,19,4,21.5,9.523809524,0,40,9,5,34,110,625,77,12,48,152,1.7,25.1,Bien
23,Brazil,165,5,3.8,7,12320913000,57.67,116,85,82.8,51.5,88,98.1,87,100,5668100000,18253000,15.80086321,0.080088381,1200,82,44,70,14.6,13.3,15.8,8.9,16.4,14.9,17.7,46995,1300,28604,52415,8.70189086,65.55556667,66.6667,516,2431445000,1646213000,85643000,2614520000,3342601000,8090208000,8243475000,1809984000,1505289000,1766658000,249950000,3936734000,3412871000,335593000,25216000,1378000,161669000,10729944000,8897723000,5314254000,14850462000,183784000,79,18.2,13.6,15.82828818,9.941520468,55.1,60,11,2,9.6,425.7,731,43.6,31.7,83,2600,4,69.2,Bien
24,Brunei Darussalam,24,4,1.2,6,13645323662,62.93,84,8,72.29814518,65.98358183,78.69736462,88.766717,83.81799192,94.88066195,2367048074,382061313,7.9,0.04339517,2300,34,23,56.89806865,8.6,7.8,9.4,4.3,10.2,9.3,11.1,66,2,33,77,0,66.21412289,78.47684491,104,1412538212,1977659120,256485635.2,1738664237,1257711417,1147814478,8754351018,199219621.1,1111206178,2080436850,238599682.4,2523744352,4058094841,495085279.4,162726472.1,192748007.6,32970375.36,3049205263,9021472499,1489901451,6235978720,663030946.6,0,14,7,0.8,20.54715995,61.2,63.26745511,7,4,18,119,540,56,298,14,89,2.5,8.7,Bien
25,Bulgaria,18,10,0.7,5,239797000,73.72,38,22,86,83.7,86.8,99.4,99,99.6,176752000,160000,20.2,0.016181967,6200,7,11,90,9.3,8.3,10.3,5.6,10.4,9.3,11.5,557,7,335,634,1.8,84.44443333,83.3333,6,41923000,8329000,7410000,0,117613000,0,0,98000,212016000,33880000,51457000,253939000,42209000,58867000,160000,0,14000,160000,0,117725000,303838000,49739000,0,16,8,5,20.41666667,64.7,80,4,9,14,110,564,130,11,18,423,3.3,27,Bien
26,Burkina Faso,11,7,43.5,0,295445000,50.81,143,4,19.7,6.7,50.4,82.3,75.8,97.5,20799000,0,21.4,2.070127335,48,9,371,40,60.9,55.6,66,26.7,88.6,83.4,93.7,41810,2700,18346,60477,3.7,67.7778,93.3334,3,31078000,56674000,3640000,0,0,0,0,0,50068000,238771000,16893000,81146000,295445000,20533000,3618000,0,266000,3618000,0,266000,84764000,0,0,12,4,16.2,13.33333333,0.3,70,3,6,45,129,446,158,67,13,270,4,41.3,Mal
27,Burundi,13,8,13.4,0,2703072000,48.82,152,17,48,48.6,43.8,75.9,73.8,91.1,2783000,0,10.2,4.272948275,23,12,712,40,54.1,48,60,28.6,81.7,75.6,87.5,24956,3500,13236,36970,1.2,55.55556667,86.6667,8,1526000,40261000,604000,0,0,0,0,0,13194000,2662811000,2179000,14720000,2703072000,2783000,0,0,0,0,0,0,14720000,0,0,14,5,28.9,30.47619048,4.4,40,3,2,25,99,832,158,23,4,274,5,40.3,Mal
28,Cabo Verde,5,1,14.8,6,329756000,55.54,126,32,72.2,54.3,81.6,91.7,87.3,94,21163000,0,17.6,0.111282934,900,4,42,50,20.7,18.5,22.8,12.2,24.5,21.9,26.9,226,5,133,267,0.4,66.66666667,80,3,26692000,168475000,10625000,0,0,0,79303000,2766000,20251000,61612000,6208000,46943000,230087000,16833000,0,20366000,1564000,0,99669000,4330000,46943000,0,0,16,6,18.5,20.83333333,17.8,70,7,2,30,140,425,88,22,10,180,2.591785792,36.5,Mal
29,Cambodia,27,5,78.7,5,469572000,55.22,127,44,42.4,30.5,88.1,75.5,69.1,100,62281000,0,0.5,0.472972946,210,36,161,60,24.6,21.5,27.6,14.8,28.7,25.2,32,8759,590,5282,10257,1,76.66666667,90,36,172947000,346983000,43985000,0,0,0,0,0,47784000,122589000,18296000,220731000,469572000,62281000,0,0,0,0,0,0,220731000,0,37,20,7,19.5,20.32520325,0,80,7,11,40,652,483,179,56,87,173,6,21,Mal
30,Cameroon,26,7,32.7,1,999474000,44.11,172,119,45.8,26.8,61.8,75.6,52.7,94.8,74132000,3311000,18.3,2.888392618,35,43,596,40,57.1,51.4,62.4,25.7,87.9,81.7,93.5,46762,5100,21071,71348,0.5,55.55556667,86.6667,490,138538000,544387000,46812000,0,0,16572000,15620000,968000,63823000,439467000,14535000,202361000,983854000,61347000,40866000,0,8506000,57438000,15620000,9474000,300293000,40494000,0,15,5,30,31.11111111,6.5,40,5,6,44,150,800,64,86,15,630,2.8,48.8,Mal
31,Canada,15,8,0.4,8,13645323662,80.07,14,42,99.8,99,100,99.8,99,100,2367048074,382061313,12.7,0.011328543,8800,11,7,56.89806865,4.3,4,4.7,3.2,4.9,4.5,5.3,1587,27,1181,1824,4.5,66.21412289,78.47684491,11,1412538212,1977659120,256485635.2,1738664237,1257711417,1147814478,8754351018,199219621.1,1111206178,2080436850,238599682.4,2523744352,4058094841,495085279.4,162726472.1,192748007.6,32970375.36,3049205263,9021472499,1489901451,6235978720,663030946.6,100,12,6,3.9,25.32894737,0,63.26745511,2,9,8,249,570,137,16.5,1.5,131,0.8,21.1,Bien
32,Caribbean small states,66,3.461538462,20.35384615,1,13645323662,58.04538462,110.1538462,414,85.92530103,86.60269576,85.00776836,95.6330756,94.10966231,97.74308261,2367048074,382061313,7.746153846,0.21471454,470,60,99,65,16.76787416,14.76941176,18.68646973,12.46045078,19.56495945,17.25122343,21.75620251,126873.0704,110,76981.65327,169182.593,5.953846154,67.22223333,61.6667,343,1412538212,1977659120,256485635.2,1738664237,1257711417,1147814478,8754351018,199219621.1,1111206178,2080436850,238599682.4,2523744352,4058094841,495085279.4,162726472.1,192748007.6,32970375.36,3049205263,9021472499,1489901451,6235978720,663030946.6,7.261538462,12.84615385,7.153846154,22.78461538,18.18181818,0,75,7.076923077,5.461538462,35.61538462,173.5769231,790.5384615,63.69230769,63.53846154,22.57692308,180.7692308,2.74,36.48461538,Mal
33,Central African Republic,14,7,204,0,52930000,36.26,185,3,21.8,7.2,43.6,68.5,54.4,89.6,2196000,0,19.8,3.668342681,27,13,882,30,91.5,84,98.5,42.6,130.1,123.2,136.6,14981,1400,6993,21029,53.5,52.22226667,86.6668,24,11883000,2045000,1249000,0,0,0,0,0,920000,44085000,947000,12803000,46130000,2196000,0,6800000,0,0,6800000,0,12803000,0,0,15,5,0,20.54715995,3.3,40,10,6,56,200,660,98,75,22,483,4.8,73.3,Mal
35,Chad,13,7,150.4,0,176550000,38.22,183,1,12.1,6.5,31.4,50.8,44.8,71.8,53119000,0,28.4,5.518801589,18,14,856,50,85,78,91.8,39.3,138.7,131.4,145.6,51335,5400,23789,82728,3.8,65.5556,86.6668,6,45254000,51548000,16102000,0,0,7000,0,5000,80155000,125002000,16447000,125409000,176550000,32549000,601820000,0,20565000,601827000,0,20570000,727236000,0,0,13,6,31.3,14.89361702,2.4,60,9,6,54,221,743,67,44,60,732,4,63.5,Mal
36,Chile,33,8,0.7,6,13645323662,71.49,48,23,99.1,90.9,100,99,93.3,99.7,2367048074,382061313,4,0.03914812,2600,20,22,90,7,6.4,7.6,4.9,8.1,7.4,8.7,1636,52,1144,1896,2.6,95.55556667,96.6667,72,1412538212,1977659120,256485635.2,1738664237,1257711417,1147814478,8754351018,199219621.1,1111206178,2080436850,238599682.4,2523744352,4058094841,495085279.4,162726472.1,192748007.6,32970375.36,3049205263,9021472499,1489901451,6235978720,663030946.6,11.2,13,6,22.3,15.83333333,45.1,100,7,4,7,152,480,30,28.5,5.5,291,3.2,28.9,Bien
37,China,89,10,0.7,6,13163127000,62.93,84,131,76.5,63.7,86.6,95.5,93,97.5,5204436000,3237433000,15.80086321,0.042300762,2400,74,27,70,9.2,8.6,9.8,5.5,10.7,10,11.3,156450,4400,93435,181574,8.70189086,70,80,568,4655842000,824464000,1009609000,0,176246000,1021416000,1560535000,63736000,977069000,1269677000,461946000,5632911000,2094141000,1471555000,569690000,0,255466000,1591106000,1560535000,495448000,11270863000,4046846000,0,22,4,15.82828818,23.62284556,89.5,60,11,4,9,244.3,452.8,143.2,19.5,31.4,261,1.7,67.8,Bien
38,Colombia,119,9,7.5,7,1675558000,70.43,54,61,81.1,67.9,85.2,91.4,73.8,96.8,3959705000,1460695000,18.6,0.125686759,800,56,64,90,13.6,12,15.2,8.5,15.9,14,17.6,10183,480,6356,11934,28.6,84.44443333,83.3333,245,283529000,184940000,160278000,631555000,1999773000,442042000,198720000,110924000,1394268000,552197000,227875000,1677797000,737137000,388153000,2172000,0,160000,1075769000,938421000,2110857000,8363187000,5609621000,88.7,10,6,22.5,19.87951807,0,80,8,12,11,73,1288,102,16,11,239,1.7,69.7,Bien
39,Comoros,10,7,118.2,2,5270000,48.22,154,8,35.8,30.9,48.3,90.1,89.1,92.6,530000,0,0,1.517437126,66,5,335,20,55.1,50.1,60,34,73.5,67.8,79,1433,88,889,1897,184.4,42.22216667,56.6665,7,520000,5270000,456000,0,0,0,0,0,1326000,0,74000,1846000,5270000,530000,0,0,0,0,0,0,1846000,0,0,10,4,32.1,3.03030303,7.4,50,8,6,33,108,506,120,30,15,100,2.591785792,216.5,Mal
40,"Congo, Dem. Rep.",37,7,29.3,0,341557000,38.14,184,93,28.7,28.7,28.5,52.4,31.2,81.1,85924000,0,12.6,4.090656188,24,35,693,50,74.5,68,80.5,30.1,98.3,91.3,104.9,233339,22000,94252,304558,14.5,57.77776667,93.3333,113,261331000,284835000,62105000,0,0,0,0,0,101442000,55730000,23819000,362773000,340565000,85924000,6620000,992000,0,6620000,992000,0,369393000,0,0,10,7,27.5,8.943089431,0.3,30,6,6,52,150,610,56,44,11,346,2.591785792,54.6,Mal
41,"Congo, Rep.",5,7,52.3,2,148735000,41.88,176,55,15,5.6,20,76.5,40,95.8,20004000,0,31.3,2.223974994,45,16,442,30,33.2,29.6,36.6,18,45,40.7,49,5426,740,2948,7269,24.7,50.00003333,80.0001,45,140860000,117182000,7855000,0,10438000,348000,0,0,6904000,30010000,1305000,147764000,147192000,9160000,14574000,1543000,406000,14922000,1543000,10844000,162686000,0,0,12,6,0,7.352941176,10.9,40,11,6,50,164,560,135,55,53,602,3.3,56,Mal
42,Costa Rica,23,2,11.1,7,811181000,68.55,58,57,94.5,92.3,95.2,97.8,91.9,99.6,446237000,19757000,32.2,0.047644259,2100,10,25,80,8.5,7.6,9.3,6.2,9.7,8.7,10.6,577,18,421,663,6.5,84.44443333,93.3333,132,37062000,82044000,6162000,0,295240000,101881000,26311000,79288000,227938000,610893000,44779000,265000000,692937000,50941000,27528000,3933000,1011000,129409000,30244000,375539000,429280000,34871000,100,15,5,19.3,33.33333333,27.5,80,9,10,9,118,852,45,19,24,151,3,58,Bien
43,Cote d'Ivoire,20,7,18.6,0,627377000,50.93,142,56,22.5,10.3,32.8,81.9,68.8,93.1,188906000,0,23.3,3.168161167,32,29,645,50,66.6,58.9,73.9,37.9,92.6,83.7,100.9,54998,5400,31467,75393,19.8,58.8889,86.6667,108,877759000,429045000,95787000,0,0,3280000,0,83753000,41593000,198332000,9141000,919352000,627377000,104928000,10636000,0,225000,13916000,0,83978000,933268000,0,0,23,6,8.8,9.163346614,0.3,40,4,6,63,347,525,55,30,7,270,2.2,51.9,Bien
44,Croatia,15,3,3.3,6,13645323662,72.71,40,63,97,95.8,97.8,99.6,99.7,99.6,2367048074,382061313,18.8,0.012718536,7900,8,8,90,3.6,3.3,3.9,2.6,4.3,3.9,4.7,135,3,98,165,1.2,80.00003333,70.0001,9,1412538212,1977659120,256485635.2,1738664237,1257711417,1147814478,8754351018,199219621.1,1111206178,2080436850,238599682.4,2523744352,4058094841,495085279.4,162726472.1,192748007.6,32970375.36,3049205263,9021472499,1489901451,6235978720,663030946.6,100,19,5,0,25.82781457,0,80,7,5,19,128,572,70,62,12,206,3.1,20,Bien
45,Cyprus,7,8,12.2,6,13645323662,71.78,47,24,100,100,100,100,100,100,2367048074,382061313,13.4,0.010671087,9400,5,7,56.89806865,2.5,2.3,2.7,1.5,2.7,2.5,3,32,1,19,35,1.7,66.21412289,78.47684491,18,1412538212,1977659120,256485635.2,1738664237,1257711417,1147814478,8754351018,199219621.1,1111206178,2080436850,238599682.4,2523744352,4058094841,495085279.4,162726472.1,192748007.6,32970375.36,3049205263,9021472499,1489901451,6235978720,663030946.6,67.3,8,7,9.3,12.5,0,63.26745511,6,7,27,617,1100,137,9,8,145.5,1.5,24.4,Bien
46,Czech Republic,10,2,6.7,7,13645323662,73.95,36,2,99.1,99.2,99.1,100,100,100,2367048074,382061313,38.4,0.006766753,14800,2,4,56.89806865,2.8,2.5,3.1,1.8,3.4,3,3.8,262,5,168,328,2.5,66.21412289,78.47684491,15,1412538212,1977659120,256485635.2,1738664237,1257711417,1147814478,8754351018,199219621.1,1111206178,2080436850,238599682.4,2523744352,4058094841,495085279.4,162726472.1,192748007.6,32970375.36,3049205263,9021472499,1489901451,6235978720,663030946.6,78.7,21,4,9.5,20,6.7,63.26745511,8,7,8,247,611,110,31,15,405,2.1,50.4,Bien
47,Denmark,7,7,0.2,6,13645323662,84.4,3,18,99.6,99.6,99.6,100,100,100,2367048074,382061313,3,0.010535361,9500,2,6,56.89806865,2.9,2.6,3.2,2.5,3.5,3.2,3.9,150,4,129,187,2.8,66.21412289,78.47684491,4,1412538212,1977659120,256485635.2,1738664237,1257711417,1147814478,8754351018,199219621.1,1111206178,2080436850,238599682.4,2523744352,4058094841,495085279.4,162726472.1,192748007.6,32970375.36,3049205263,9021472499,1489901451,6235978720,663030946.6,7.7,7,3,18.7,37.98882682,0,63.26745511,4,8,10,64,410,38,4,3,130,1,24.5,Bien
48,Djibouti,11,4,168.1,0,229061000,44.25,171,18,47.4,5.1,59.8,90,64.7,97.4,15392000,0,17.7,0.6980125,140,6,229,40,54.2,49.1,59.2,33.4,65.3,59.3,71.1,1190,50,737,1429,2.2,46.66666667,80,3,12506000,178543000,10852000,0,0,126000,0,16000,18251000,50518000,4413000,30757000,229061000,15265000,932000,0,111000,1058000,0,127000,31815000,0,0,17,6,17.7,12.72727273,0.4,20,7,1,36,111,1225,125,39,14,82,2.3,37.6,Mal
49,Dominica,4,4,15,0,19757000,61.44,91,29,72.29814518,65.98358183,78.69736462,88.766717,83.81799192,95.7,5684000,0,7.9,0.758700851,2851.535211,3,171.0704225,60,19.6,18.1,21,15.6,21.2,19.6,22.8,21,10793.52113,17,23,3,52.22223333,56.6667,11,5517000,6319000,2026000,0,200000,975000,0,439000,8741000,13438000,2793000,14258000,19757000,4819000,580000,0,226000,1555000,0,865000,15813000,0,0,10,5,26.1,21.875,0,40,5,6,37,175,681,61,42,12,117,4,37,Bien
50,Dominican Republic,14,5,16.4,8,1332608000,61.16,93,29,84,75.7,86.2,84.7,81.9,85.4,431371000,41689000,18.6,0.2478182,400,6,92,60,25.7,23.1,28.1,21.7,30.9,27.7,33.8,5572,200,4706,6710,1.2,78.8889,96.6667,42,522211000,594204000,65578000,0,231628000,545176000,378042000,53828000,216697000,212646000,37641000,738908000,806850000,103219000,42003000,41049000,1007000,587179000,419091000,286463000,1354976000,28889000,74.6,13,6,22.6,20.76502732,23.2,80,7,1,7,184,460,82,45,14.5,316,3.5,42.4,Bien
53,Ecuador,98,2,22,8,2047338000,57.47,117,53,84.7,80.7,87,86.9,75.5,93.4,613570000,0,13.7,0.171974068,580,46,64,80,18.4,16,20.7,10.8,21.6,19,24,6027,210,3530,7079,3.2,72.22226667,86.6668,1848,593497000,987005000,360321000,650000000,71410000,24114000,499337000,21382000,420235000,545035000,94868000,1013732000,1532040000,455189000,21824000,15961000,65589000,695938000,515298000,158381000,1709670000,0,52.9,15,7,16.1,41.60583942,0,50,12,1,8,114,588,74,38,50.5,654,5.3,33,Bien
54,"Egypt, Arab Rep.",14,8,8.4,8,3005382000,54.43,131,47,94.7,93.1,96.8,99.4,99,100,664237000,0,24.1,0.122989369,810,17,33,80,20.3,18.9,21.7,12.8,24,22.5,25.4,56914,820,35818,65775,4.6,91.11113333,93.3334,3,2676218000,1436103000,349105000,1250000000,175998000,50787000,62033000,5193000,1127329000,1502514000,132989000,3803546000,2938617000,482094000,6093000,4732000,953000,1306880000,66765000,182143000,5110427000,0,20.9,20,8,16.3,20.54715995,6.6,100,7,2,29,179,1010,64,63,8,392,2.5,45,Mal
55,El Salvador,6,3,42.7,7,281196000,62.76,86,15,75,60,82.4,93.8,86.5,97.5,369011000,0,17.2,0.11175312,890,7,54,80,14.4,12.8,16,8.3,16.8,14.9,18.6,1509,57,868,1763,1.4,91.11113333,93.3334,29,31786000,18114000,10402000,190000,255815000,12000,99200000,41173000,201082000,162840000,60439000,232868000,180954000,70841000,798000,1042000,1182000,1000000,100242000,298170000,233868000,0,34.4,25,5,20.1,32.14285714,27.6,100,8,9,53,108,786,61,31,16.5,312,3.5,38.7,Mal
56,Equatorial Guinea,7,7,99.4,2,13645323662,40.03,180,42,74.5,71,79.9,47.9,31.5,72.5,2367048074,382061313,25.4,1.642336111,61,23,342,40,68.2,61.9,74.2,33.1,94.1,87.6,100.5,1940,100,944,2655,1,42.22223333,66.6667,84,1412538212,1977659120,256485635.2,1738664237,1257711417,1147814478,8754351018,199219621.1,1111206178,2080436850,238599682.4,2523744352,4058094841,495085279.4,162726472.1,192748007.6,32970375.36,3049205263,9021472499,1489901451,6235978720,663030946.6,0,13,6,20.7,24,7.5,20,18,6,46,144,475,106,23,135,492,2.591785792,47.1,Mal
57,Eritrea,18,4,38.1,0,13059000,27.61,189,21,15.7,7.3,44.5,57.8,53.3,73.2,4054000,0,0,2.329596352,43,10,501,20,34.1,29.8,38.1,18.4,46.5,41.4,51.3,5652,880,3056,7764,74.5,27.7778,63.3334,4,26247000,11262000,2675000,0,0,0,0,0,5712000,1797000,1207000,31959000,13059000,3882000,0,0,172000,0,0,172000,31959000,0,0,14.27837299,11,9.2,22,0,0,13,0,30,160.9831932,490,59,78,84,216,2.591785792,83.7,Mal
58,Estonia,8,8,1.3,7,13645323662,79.49,16,5,97.2,96.6,97.5,99.6,99,100,2367048074,382061313,39,0.015801274,6300,1,9,56.89806865,2.3,2.1,2.6,1.5,2.9,2.6,3.2,28,1,18,37,2,66.21412289,78.47684491,2,1412538212,1977659120,256485635.2,1738664237,1257711417,1147814478,8754351018,199219621.1,1111206178,2080436850,238599682.4,2523744352,4058094841,495085279.4,162726472.1,192748007.6,32970375.36,3049205263,9021472499,1489901451,6235978720,663030946.6,34.7,10,3,8.4,23.76237624,0,63.26745511,3,7,8,102,425,91,17.5,3.5,81,3,49.4,Bien
59,Ethiopia,32,3,76.1,0,3887370000,49.73,146,14,28,28.2,27.2,57.3,48.6,93.1,298063000,0,5.6,1.55595121,64,33,353,50,41.4,36.3,46.3,27.7,59.2,53.6,64.5,129947,11000,87414,184186,0.8,68.8889,76.6667,41,235340000,1195663000,122935000,0,65998000,124392000,386648000,41087000,55111000,1019474000,46866000,290451000,2215137000,169801000,203112000,1285585000,21177000,327504000,1672233000,128262000,617955000,0,0,10,7,25.7,20.54715995,0.2,80,11,3,30,129,530,95,52,19,306,3,32.1,Mal
64,Fiji,12,2,21.3,5,40020000,62.58,88,14,91.1,88.4,93.4,95.7,91.2,99.5,29536000,0,10.4,0.08127838,1200,6,30,30,19.1,17.3,20.7,9.6,22.4,20.3,24.3,328,5,164,388,0.1,61.11113333,83.3334,65,7002000,36883000,4747000,0,22500000,0,0,0,5820000,3137000,2289000,12822000,40020000,7036000,0,0,0,0,0,22500000,12822000,0,82.4,15,4,20.6,14,0,70,11,5,39,141,397,81,69,58,195,1.8,31.1,Bien
65,Finland,9,6,1,6,13645323662,81.05,10,6,97.6,88,99.4,100,100,100,2367048074,382061313,24.8,0.004608347,21700,1,3,56.89806865,1.9,1.7,2.1,1.3,2.3,2.1,2.6,110,2,75,134,1.3,66.21412289,78.47684491,8,1412538212,1977659120,256485635.2,1738664237,1257711417,1147814478,8754351018,199219621.1,1111206178,2080436850,238599682.4,2523744352,4058094841,495085279.4,162726472.1,192748007.6,32970375.36,3049205263,9021472499,1489901451,6235978720,663030946.6,20.5,15,3,11.8,41.5,0,63.26745511,3,7,8,64,375,42,32,14,93,0.9,37.9,Bien
67,France,13,9,0.8,6,13645323662,75.96,27,52,98.7,98.9,98.6,100,100,100,2367048074,382061313,53.5,0.016504224,6100,8,8,56.89806865,3.5,3.2,3.9,2.2,4.3,3.9,4.8,2747,66,1726,3378,8.7,66.21412289,78.47684491,41,1412538212,1977659120,256485635.2,1738664237,1257711417,1147814478,8754351018,199219621.1,1111206178,2080436850,238599682.4,2523744352,4058094841,495085279.4,162726472.1,192748007.6,32970375.36,3049205263,9021472499,1489901451,6235978720,663030946.6,0,9,8,0.5,26.16984402,45.1,63.26745511,5,4,8,183,395,71,49,4,137,1.9,62.7,Bien
68,Gabon,6,7,15.1,2,364468000,45.99,162,71,41.9,31.5,43.4,93.2,66.7,97.2,161804000,0,22.7,1.173956687,85,19,291,30,36.1,31.6,40.2,23.2,50.8,45.8,55.3,1852,150,1195,2579,2.1,39.99996667,59.9999,154,49965000,171375000,23080000,0,113510000,181138000,155194000,22003000,54149000,37899000,2670000,104114000,209274000,25750000,1620000,0,541000,182758000,155194000,136054000,286872000,0,0,12,6,20.9,14.16666667,52,30,7,6,26,329,1070,148,103,50,488,5,45.7,Bien
69,"Gambia, The",12,2,141.6,0,57746000,48.99,151,34,58.9,55,61.5,90.2,84.4,94.2,4740000,0,12.7,4.110835623,24,9,706,60,47.9,43.3,52.7,29.9,68.9,64.1,74.1,3938,590,2471,5540,44.5,65.55556667,76.6667,5,9974000,12229000,2006000,0,0,1972000,0,75000,21641000,45517000,2659000,31615000,57746000,4665000,0,0,0,1972000,0,75000,33587000,0,0,12,5,6.1,9.433962264,0,60,7,4,50,144,407,78,66,25,326,2,63.3,Mal
70,Georgia,15,9,3.1,8,289300000,77.45,24,11,86.3,75.9,95.2,100,100,100,117415000,0,0,0.067702377,1500,8,36,90,10.6,9.3,11.9,7.2,11.9,10.5,13.3,601,19,408,673,2.1,88.8889,86.6667,61,30068000,42848000,12049000,250000000,76372000,198154000,0,9088000,36326000,246452000,19906000,66394000,289300000,31955000,0,0,0,448154000,0,85460000,514548000,0,74.5,7,1,14.3,11.33333333,0,90,2,9,5,48,285,71,1,2,362,2,16.4,Bien
71,Germany,11,5,1.8,8,13645323662,79.87,15,24,99.2,99,99.3,100,100,100,2367048074,382061313,21.2,0.00852046,11700,4,6,56.89806865,3.1,2.8,3.4,2.1,3.7,3.4,4.1,2140,42,1449,2545,4.4,66.21412289,78.47684491,24,1412538212,1977659120,256485635.2,1738664237,1257711417,1147814478,8754351018,199219621.1,1111206178,2080436850,238599682.4,2523744352,4058094841,495085279.4,162726472.1,192748007.6,32970375.36,3049205263,9021472499,1489901451,6235978720,663030946.6,100,8,5,23.2,36.45007924,1.6,63.26745511,9,6,9,96,429,28,39,10.5,218,1.2,48.8,Bien
72,Ghana,20,7,19.4,6,2655578000,57.69,114,56,14.9,8.6,20.2,88.7,84,92.6,376699000,6328000,14.7,1.344879206,74,20,319,60,42.8,38.2,47.1,28.3,61.6,56.2,66.7,38211,2800,25402,54061,0,65.55556667,86.6667,119,361948000,701973000,74703000,0,205092000,348860000,959927000,39685000,71651000,455991000,34560000,433599000,1157964000,109263000,9534000,537687000,16331000,358394000,1497614000,261108000,791993000,0,16.3,15,5,18,10.90909091,0,50,8,7,33,216,710,79,46,14,224,1.9,32.7,Mal
73,Greece,16,7,2.2,7,13645323662,68.38,60,80,99,98.1,99.2,100,100,100,2367048074,382061313,29.3,0.004222041,23700,10,3,56.89806865,3.6,3.3,3.9,2.9,4.6,4.3,4.9,382,3,307,489,0.6,66.21412289,78.47684491,59,1412538212,1977659120,256485635.2,1738664237,1257711417,1147814478,8754351018,199219621.1,1111206178,2080436850,238599682.4,2523744352,4058094841,495085279.4,162726472.1,192748007.6,32970375.36,3049205263,9021472499,1489901451,6235978720,663030946.6,81.2,18,10,19.7,23,0,63.26745511,5,3,8,124,1580,51,20,13,193,3.5,49.6,Bien
74,Grenada,1,4,17.3,0,18568000,53.46,135,28,98,98.3,97.5,96.6,95.3,99,5313000,0,5.6,0.066467418,1500,3,27,30,10.8,10,11.5,6,11.8,10.9,12.7,21,1,12,24,12.1,51.11113333,63.3334,3,4104000,2802000,1198000,0,0,0,0,0,11873000,15766000,4115000,15977000,18568000,5313000,0,0,0,0,0,0,15977000,0,0,13,8,27.6,33.33333333,0,60,6,6,42,128,688,38,32,15,140,2.591785792,45.3,Bien
75,Guatemala,14,3,25,7,233694000,63.49,81,34,63.9,49.3,77.5,92.8,86.8,98.4,189019000,73984000,14.3,0.306323594,330,17,88,40,24.3,21.5,27,13.4,29.1,26,32.1,10818,380,5946,12858,0.7,72.22223333,96.6667,98,13040000,80415000,5775000,0,27568000,0,12402000,138000,245311000,140877000,81554000,258351000,221292000,87329000,0,0,0,0,12402000,27706000,258351000,0,8.8,11,6,22.5,13.29113924,19,80,6,9,8,158,1402,39,24,18.5,256,3,37.5,Mal
76,Guinea,19,7,79,0,35467000,45.54,165,75,20.1,11.8,34.1,76.8,67.4,92.7,11137000,0,26.4,3.462112658,29,25,679,20,61,55.3,66.3,31.3,93.7,88.2,99,27757,3100,14288,42073,41.9,53.33333333,90,35,12371000,49000,3811000,0,1154000,0,0,0,36212000,35418000,6172000,48583000,35467000,9983000,0,0,0,0,0,1154000,48583000,0,0,27,6,0,21.92982456,0,50,6,6,57,173,311,69,44,8,440,3.8,68.3,Mal
77,Guinea-Bissau,10,7,43.2,0,9550000,40.56,178,39,20.8,8.5,33.5,79.3,60.3,98.8,419000,0,24.8,2.622019451,38,14,549,30,60.3,53.7,66.3,39.7,92.5,84.6,99.9,3898,370,2586,5883,5.6,44.44443333,73.3333,5,74000,0,32000,0,0,0,0,0,2105000,9550000,387000,2179000,9550000,419000,0,0,0,0,0,0,2179000,0,0,11,8,15.1,13.7254902,0.1,30,9,6,46,116,1715,455,51,9,208,2.591785792,45.5,Mal
78,Guyana,14,5,10.9,0,89953000,51.83,137,31,83.7,82,87.9,98.3,98.3,98.2,19684000,5062000,9.2,0.586945693,170,11,229,60,32,27.8,36,22.8,39.4,34.4,44.2,545,34,391,642,1.8,56.6667,80.0001,23,12605000,37509000,4571000,0,0,0,0,0,20012000,52444000,10051000,32617000,89953000,14622000,0,0,0,0,0,0,32617000,0,2.4,7,6,21.3,35.13513514,0,30,7,3,35,195,581,109,75,18,256,3,32.3,Mal
79,Haiti,14,2,235.3,0,70513000,39.56,182,30,27.6,19.2,33.6,57.7,47.6,64.9,13390000,60000,12.4,1.106194632,90,5,359,30,52.2,47,57.3,25.4,69,63.1,74.6,13407,950,6537,17841,4.1,47.7778,63.3334,42,37040000,3144000,11621000,0,0,0,0,0,5910000,67370000,1709000,42950000,70513000,13330000,0,0,0,0,0,0,42950000,0,0,12,5,23.8,4.210526316,1.6,50,12,2,47,80,530,60,312,97,184,2.591785792,40.3,Mal
84,Honduras,11,3,38.7,8,382598000,58.06,110,42,82.6,77.7,86.7,91.2,83.8,97.4,173974000,0,3.2,0.3369169,300,8,129,60,17.4,15.4,19.3,11,20.4,18.1,22.6,2832,220,1787,3333,10,76.6667,90.0001,121,43397000,96688000,15231000,0,81930000,434000,10000,2106000,102683000,235095000,74524000,146080000,331783000,89755000,532000,4000,183000,966000,50815000,84219000,147046000,0,36.2,15,6,31.1,25.78125,22.2,80,12,9,48,82,920,39,22,14,224,3.8,44.3,Mal
85,Hungary,13,2,7.3,5,13645323662,72.57,42,9,98,98.6,97.8,100,100,100,2367048074,382061313,34.3,0.022812915,4400,2,17,100,5.3,4.9,5.7,3.5,5.9,5.4,6.4,461,15,304,518,2.3,85.55556667,76.6667,12,1412538212,1977659120,256485635.2,1738664237,1257711417,1147814478,8754351018,199219621.1,1111206178,2080436850,238599682.4,2523744352,4058094841,495085279.4,162726472.1,192748007.6,32970375.36,3049205263,9021472499,1489901451,6235978720,663030946.6,88.6,23,4,11.8,10.1010101,0,80,4,10,11,179,395,252,16.5,5,277,2,48.4,Bien
86,Iceland,4,7,2.2,7,13645323662,78.93,19,16,98.8,100,98.7,100,100,100,2367048074,382061313,17.7,0.006866366,14600,6,3,56.89806865,1.6,1.4,1.7,0.9,2,1.8,2.2,7,0,4,9,2.8,66.21412289,78.47684491,0,1412538212,1977659120,256485635.2,1738664237,1257711417,1147814478,8754351018,199219621.1,1111206178,2080436850,238599682.4,2523744352,4058094841,495085279.4,162726472.1,192748007.6,32970375.36,3049205263,9021472499,1489901451,6235978720,663030946.6,100,17,3,9.1,41.26984127,0,63.26745511,5,5,21,84,417,22,3.5,4,140,1,29.6,Bien
87,India,84,7,13.5,7,11448612986,54.68,130,216,39.6,28.5,62.6,94.1,92.6,97.1,1864369279,0,15.80086321,0.452792531,220,93,174,80,37.9,38,37.8,27.7,47.7,49.2,46.3,946304,45000,695852,1200998,8.70189086,77.7778,73.3334,385,1830716292,5748596723,347546620.1,0,254980718.2,4256176716,502372325.4,668007872.6,3837253887,5192413937,593629068.4,5667970179,10941010660,941175688.5,1554000,0,205000,4257730716,507602325.4,923193590.8,9925700895,0,22,33.6,7,15.82828818,11.97053407,0,80,12.9,6,33,191.5,1420,90.1,47,29,243,4.3,60.6,Mal
88,Indonesia,131,10,19.9,6,9778595000,58.12,109,150,60.8,47.5,72.3,87.4,79.5,94.2,4991675000,276889000,15.80086321,0.314212198,320,185,126,80,22.8,19.9,25.6,13.5,27.2,23.9,30.3,125168,6400,73921,147162,8.70189086,84.44446667,93.3334,426,4035991000,2365391000,587348000,2345000000,3656965000,1101322000,658899000,162798000,1378455000,1225395000,293572000,5414447000,3590785000,880920000,1477624000,2451177000,14102000,4923947000,3110076000,3833866000,13483793000,3145400000,0,17,5,15.82828818,17.11711712,48.5,80,13,5,54,210.2,471,79,27.4,47.8,234,1.9,29.7,Bien
89,"Iran, Islamic Rep.",26,7,2.7,7,0,57.44,118,39,90,82.3,92.8,96.2,92.1,97.7,16374000,0,25.9,0.049941708,2000,16,25,60,13.4,12.6,14.1,9.5,15.5,14.9,16.2,18067,340,12799,21010,0.4,73.33333333,80,3,68755000,0,4448000,0,0,439240000,0,7427000,51768000,0,3842000,120523000,0,8290000,84565000,0,657000,523805000,0,8084000,644328000,0,46.6,15,7,17.8,3.103448276,49.1,80,8,2,20,97,505,77,12,15,344,4.5,44.1,Bien
90,Iraq,19,4,39.8,0,13645323662,46.06,161,17,85.6,83.8,86.4,86.6,70.1,93.8,2367048074,382061313,13.5,0.240564754,420,13,50,30,26.5,23.8,29,18.4,32,28.9,34.9,32258,620,22482,38682,0,52.22223333,66.6667,1,1412538212,1977659120,256485635.2,1738664237,1257711417,1147814478,8754351018,199219621.1,1111206178,2080436850,238599682.4,2523744352,4058094841,495085279.4,162726472.1,192748007.6,32970375.36,3049205263,9021472499,1489901451,6235978720,663030946.6,0,12,5,14.3,26.52439024,0,60,10,1,14,249,520,77,51,29,312,2.591785792,27.8,Mal
91,Ireland,7,9,0.2,7,13645323662,79.15,17,27,90.5,92.9,89.1,97.9,97.8,97.9,2367048074,382061313,12.1,0.016369338,6100,5,8,56.89806865,3,2.7,3.3,2.3,3.6,3.3,3.9,201,5,154,244,1.4,66.21412289,78.47684491,3,1412538212,1977659120,256485635.2,1738664237,1257711417,1147814478,8754351018,199219621.1,1111206178,2080436850,238599682.4,2523744352,4058094841,495085279.4,162726472.1,192748007.6,32970375.36,3049205263,9021472499,1489901451,6235978720,663030946.6,100,10,5,12.4,16.26506024,0,63.26745511,4,7,9,149.5,650,85,31.5,6,82,0.4,25.9,Bien
92,Israel,17,7,3.4,7,13645323662,70.56,53,42,100,100,100,100,100,100,2367048074,382061313,5.6,0.016186473,6200,14,5,56.89806865,3.2,3,3.4,2.1,4,3.7,4.3,561,9,368,693,1.4,66.21412289,78.47684491,0,1412538212,1977659120,256485635.2,1738664237,1257711417,1147814478,8754351018,199219621.1,1111206178,2080436850,238599682.4,2523744352,4058094841,495085279.4,162726472.1,192748007.6,32970375.36,3049205263,9021472499,1489901451,6235978720,663030946.6,67.5,15,6,23.6,24.16666667,0,63.26745511,5,6,33,209,975,102,81,13,235,2,30.6,Bien
93,Italy,14,7,13.8,7,13645323662,72.07,45,51,99.5,99.6,99.5,100,100,100,2367048074,382061313,43.4,0.005065322,19700,7,4,56.89806865,2.9,2.7,3.1,2.1,3.5,3.2,3.8,1378,18,998,1693,1.9,66.21412289,78.47684491,74,1412538212,1977659120,256485635.2,1738664237,1257711417,1147814478,8754351018,199219621.1,1111206178,2080436850,238599682.4,2523744352,4058094841,495085279.4,162726472.1,192748007.6,32970375.36,3049205263,9021472499,1489901451,6235978720,663030946.6,100,10,4,19.5,30.95238095,27.3,63.26745511,5,2,14,227.5,1120,124,16,5.5,269,1.8,64.8,Bien
94,Jamaica,10,4,5,7,165860000,67.27,64,30,81.8,84.1,79.9,93.8,89.4,97.5,405000000,0,13.4,0.193707567,520,6,89,80,13.5,11.8,15.2,11.6,15.7,13.7,17.6,539,43,464,631,7,77.7778,73.3334,214,79824000,83134000,19434000,433534000,341137000,74172000,20439000,10328000,129263000,61654000,33324000,209087000,144788000,52758000,3032000,633000,777000,510738000,21072000,352242000,719825000,0,22.4,17,8,14.8,12.6984127,0,80,2,10,37,129.5,655,95,18,3,358,1.1,35.2,Bien
95,Japan,42,7,7.5,6,13645323662,74.72,34,74,100,100,100,100,100,100,2367048074,382061313,15.80086321,0.007484588,13400,27,5,56.89806865,2,1.9,2.1,0.9,2.7,2.5,2.9,2093,56,941,2834,8.70189086,66.21412289,78.47684491,24,1412538212,1977659120,256485635.2,1738664237,1257711417,1147814478,8754351018,199219621.1,1111206178,2080436850,238599682.4,2523744352,4058094841,495085279.4,162726472.1,192748007.6,32970375.36,3049205263,9021472499,1489901451,6235978720,663030946.6,100,12,6,15.82828818,9.473684211,0,63.26745511,8,4,14,197,360,97.7,13,10.2,330,0.6,51.3,Bien
96,Jordan,13,4,20.7,0,244291000,57.84,113,13,98.6,98.9,98.6,96.9,92.3,97.8,172018000,0,14.4,0.203553824,490,12,58,80,15.4,14.4,16.2,10.6,17.9,16.9,18.9,3176,110,2184,3670,2,74.44446667,73.3334,1,216590000,166182000,41658000,750000000,74212000,3372000,4499000,76000,471341000,73469000,55778000,687931000,239651000,97436000,1531000,141000,294000,754903000,4640000,74582000,1442834000,0,0,16,7,13.1,12,2.4,70,7,0,25,63,689,50,21,12,151,3,29.5,Bien
97,Kazakhstan,26,9,0.1,7,241771000,72.68,41,14,97.5,98.1,97,92.9,85.6,99.4,546515000,53000000,11.2,0.033697791,3000,15,12,90,12.6,10.7,14.5,7,14.1,12,16.1,4935,45,2744,5528,1.8,90,90,16,35092000,5293000,9987000,0,454198000,0,0,0,114058000,236478000,28651000,149150000,241771000,38638000,0,0,679000,0,0,454877000,149150000,0,81.4,24,3,16.2,26.1682243,0,90,4,4,7,154,370,83,4.5,5,188,1.5,29.2,Bien
98,Kenya,39,3,35.3,7,2567763000,58.24,108,70,30.1,29.7,31.2,63.2,56.8,81.6,180869000,0,1.9,2.353192765,42,30,510,40,35.5,32,38.8,22.2,49.4,45.2,53.4,53749,8000,33741,74429,5.4,54.44443333,73.3333,222,190977000,1105732000,115184000,0,0,14430000,16652000,1895000,212536000,1440207000,63530000,403513000,2545939000,178714000,5783000,5172000,260000,20213000,21824000,2155000,423726000,0,14.3,15,9,29.8,19.71428571,0,50,11,7,30,146,465,110,61,26,201.5,4.5,37.1,Mal
99,Kiribati,5,6,46,0,13645323662,49.5,149,12,39.7,30.6,51.2,66.9,50.6,87.3,2367048074,382061313,8.4,0.33676399,300,1,90,30,43.6,39,47.9,23.7,55.9,50.9,60.7,123,3,67,162,0,34.44443333,53.3333,0,1412538212,1977659120,256485635.2,1738664237,1257711417,1147814478,8754351018,199219621.1,1111206178,2080436850,238599682.4,2523744352,4058094841,495085279.4,162726472.1,192748007.6,32970375.36,3049205263,9021472499,1489901451,6235978720,663030946.6,0,14,5,24.3,8.695652174,0,20,7,4,10,149,660,97,513,31,156,2.591785792,32.7,Mal
100,"Korea, Rep.",30,7,14.5,8,13645323662,83.88,4,24,100,100,100,88.766717,83.81799192,99.7,2367048074,382061313,13.8,0.013810106,7200,10,11,56.89806865,2.9,2.7,3.1,1.6,3.4,3.2,3.7,1329,50,733,1559,1.2,66.21412289,78.47684491,8,1412538212,1977659120,256485635.2,1738664237,1257711417,1147814478,8754351018,199219621.1,1111206178,2080436850,238599682.4,2523744352,4058094841,495085279.4,162726472.1,192748007.6,32970375.36,3049205263,9021472499,1489901451,6235978720,663030946.6,100,10,7,18.2,16.33333333,0,63.26745511,3,5,12,28,230,18,6.5,4,188,1.5,33.2,Bien
102,Kuwait,11,4,2.3,6,13645323662,60.17,101,12,100,100,100,99,99,99,2367048074,382061313,13,0.009696384,10300,5,4,56.89806865,7.3,6.8,7.8,3.2,8.6,7.9,9.2,507,3,222,598,0,66.21412289,78.47684491,0,1412538212,1977659120,256485635.2,1738664237,1257711417,1147814478,8754351018,199219621.1,1111206178,2080436850,238599682.4,2523744352,4058094841,495085279.4,162726472.1,192748007.6,32970375.36,3049205263,9021472499,1489901451,6235978720,663030946.6,34.2,22,8,0,1.538461538,15.3,63.26745511,12,2,12,216,566,64,49,31,98,4.2,13,Mal
103,Kyrgyz Republic,16,7,2.1,6,312674000,66.01,67,3,93.3,95.6,89.1,90,86.2,96.7,45122000,0,19.5,0.256826818,390,5,76,80,19,16.8,21.1,11.5,21.3,18.9,23.7,3286,120,1985,3644,3.1,82.22223333,96.6667,14,21773000,226025000,30252000,0,0,0,0,0,45871000,86649000,14870000,67644000,312674000,45122000,0,0,0,0,0,0,67644000,0,35.3,11,3,6.4,23.33333333,0,70,4,8,51,142,410,125,3.5,10,225,1.5,29,Mal
104,Lao PDR,24,6,4.9,5,576178000,53.77,134,55,70.9,56,94.5,75.7,69.4,85.6,98897000,0,5.6,0.665026487,150,45,197,50,50.7,45.1,56.1,30.1,66.7,60.6,72.5,8751,350,5220,11613,3.7,71.11113333,93.3334,41,161883000,503253000,68293000,0,9404000,0,8148000,273000,84212000,64777000,20927000,246095000,568030000,89220000,0,0,0,0,8148000,9677000,246095000,0,0,11,4,16,25,5.1,70,6,6,35,83,443,134,53,73,362,2.591785792,25.3,Mal
107,Latvia,9,5,1.5,6,13645323662,78.06,22,6,87.8,81.5,90.8,99.3,98.3,99.8,2367048074,382061313,26.6,0.028839133,3500,1,18,56.89806865,6.9,6.4,7.5,5.2,7.9,7.2,8.6,109,4,82,129,3,66.21412289,78.47684491,1,1412538212,1977659120,256485635.2,1738664237,1257711417,1147814478,8754351018,199219621.1,1111206178,2080436850,238599682.4,2523744352,4058094841,495085279.4,162726472.1,192748007.6,32970375.36,3049205263,9021472499,1489901451,6235978720,663030946.6,0,12,4,6.3,18,80.8,63.26745511,4,9,7,165,469,107,16.5,5.5,193,1.5,35.9,Bien
109,Lebanon,12,9,34,6,245600000,56.39,123,27,80.7,80.7,80.7,99,99,99,1497929000,0,23.8,0.027270065,3700,9,15,50,7.1,6.8,7.3,4.8,8.3,7.9,8.6,726,13,491,835,0.4,65.55553333,76.6666,5,96031000,67663000,20297000,1655750000,1439491000,51168000,14244000,6656000,128810000,126343000,30548000,224841000,194006000,50845000,0,37350000,937000,1706918000,51594000,1447084000,1931759000,0,0,18,8,6.1,3.125,23.9,70,6,2,20,244,721,75,34,15,183,3,30.3,Bien
110,Lesotho,7,3,9.3,0,111250000,57.69,114,1,30.3,27.6,37.3,81.8,77,94.6,11710000,0,0,1.627138773,61,2,487,50,69.2,62.6,75.3,32.7,90.2,83.1,97.1,4317,300,2045,5570,2.8,65.5556,86.6668,4,9730000,40489000,2193000,0,0,4726000,0,733000,16855000,70761000,8784000,26585000,111250000,10977000,0,0,0,4726000,0,733000,31311000,0,1,11,4,10.8,25,0,60,7,5,32,179,615,114,43,29,324,2.6,13.6,Mal
111,Liberia,13,4,16.8,0,101394000,40.19,179,62,16.9,5.9,28,75.6,62.6,88.6,4618000,0,5.4,3.552588187,28,24,725,30,52.8,48.2,57.2,24.1,69.9,64.8,74.7,7974,1100,3644,10509,7,51.1111,73.3333,50,1262000,23786000,1358000,0,0,0,0,0,7452000,77608000,3260000,8714000,101394000,4618000,0,0,0,0,0,0,8717000,3000,0,22,10,35.4,10.95890411,1.8,50,4,8,33,74,1280,465,44,4.5,139.5,3,47.8,Mal
112,Libya,6,1,26.9,0,13645323662,31.77,188,32,96.6,95.7,96.8,88.766717,83.81799192,94.88066195,2367048074,382061313,10.5,0.024076291,4200,11,9,10,11.4,10.2,12.7,7.2,13.4,12,14.7,1418,12,894,1684,0.3,22.2222,36.6666,3,1412538212,1977659120,256485635.2,1738664237,1257711417,1147814478,8754351018,199219621.1,1111206178,2080436850,238599682.4,2523744352,4058094841,495085279.4,162726472.1,192748007.6,32970375.36,3049205263,9021472499,1489901451,6235978720,663030946.6,0,14.27837299,5.792829598,22,15.95744681,0.5,20,10,0,19,160.9831932,690,118,48.4432479,35,889,2.591785792,32.8,Mal
113,Lithuania,9,7,0.6,8,13645323662,78.88,20,6,92.4,82.8,97.2,96.6,90.4,99.7,2367048074,382061313,35.2,0.015863899,6300,2,10,56.89806865,3.3,3,3.5,2.5,5.2,4.7,5.6,107,3,81,164,1.5,66.21412289,78.47684491,2,1412538212,1977659120,256485635.2,1738664237,1257711417,1147814478,8754351018,199219621.1,1111206178,2080436850,238599682.4,2523744352,4058094841,495085279.4,162726472.1,192748007.6,32970375.36,3049205263,9021472499,1489901451,6235978720,663030946.6,79.3,12,3,5.9,23.40425532,33.9,63.26745511,2,6,11,103,300,95,2.5,3.5,171,2.3,42.6,Bien
117,Luxembourg,3,6,2,0,13645323662,68.31,61,1,97.6,98.5,97.5,100,100,100,2367048074,382061313,15.5,0.015479765,6500,0,10,56.89806865,1.5,1.3,1.6,0.9,1.9,1.7,2,10,1,6,13,0.4,66.21412289,78.47684491,0,1412538212,1977659120,256485635.2,1738664237,1257711417,1147814478,8754351018,199219621.1,1111206178,2080436850,238599682.4,2523744352,4058094841,495085279.4,162726472.1,192748007.6,32970375.36,3049205263,9021472499,1489901451,6235978720,663030946.6,0,11,7,4.2,28.33333333,0,63.26745511,6,3,23,157,321,56,26.5,18.5,55,2,20.1,Bien
118,"Macedonia, FYR",14,8,0.1,7,355180000,80.18,12,13,90.9,82.6,97.2,99.4,98.9,99.8,82003000,0,0,0.01177133,8500,5,8,80,4.8,4.5,5.1,3.5,5.5,5.1,5.8,119,2,87,135,2,83.33333333,80,0,13614000,179827000,7620000,182115000,32551000,14760000,17547000,26949000,134610000,157171000,14883000,148224000,336998000,22503000,636000,635000,0,197511000,18182000,59500000,345735000,0,89.3,10,7,10.9,33.33333333,38,90,1,6,7,74,604,97,30,1,119,1.8,12.9,Mal
119,Madagascar,35,7,43.7,0,169676000,45.68,164,87,12,8.7,18,51.5,35.3,81.6,14115000,0,20.3,1.669817898,60,119,353,50,35.9,32.3,39.3,19.7,49.6,45.3,53.6,29429,2900,16189,40075,1.5,58.8889,86.6667,540,90349000,26260000,4471000,0,0,0,212000,714000,24598000,138559000,8930000,114947000,164819000,13401000,526000,4645000,0,526000,4857000,714000,115473000,0,0,15,6,16.3,20.52980132,3,40,9,3,23,185,871,450,100,13,183,3,38.1,Mal
120,Malawi,18,4,84.6,0,157199000,51.03,141,98,41,39.8,47.3,90.2,89.1,95.7,16070000,0,12.4,3.452414187,29,8,634,50,43.4,39.6,47,21.8,64,59.5,68.3,27260,4200,13720,40048,1.7,75.55556667,96.6667,25,11211000,32914000,7429000,0,0,0,2735000,32000,29659000,121550000,8609000,40870000,154464000,16038000,0,0,0,0,2735000,32000,40870000,0,0,13,6,20.4,16.66666667,0,80,8,5,35,153,432,127,69,38,174.5,2.6,34.5,Mal
121,Malaysia,50,10,6.7,7,73000,79.13,18,75,96,95.9,96.1,98.2,93,100,1072400000,96395000,16.4,0.08150627,1200,70,40,70,6,5.3,6.6,3.9,7,6.3,7.7,3308,200,2149,3793,0.9,74.44443333,73.3333,721,220300000,5000,57324000,5913719000,883005000,266170000,0,32747000,30656000,68000,2927000,250956000,73000,60251000,28000,0,2000,6179917000,0,915754000,6475873000,45000000,77.1,15,8,22.7,10.36036036,57,80,3,7,13,79,425,32,13,4,118,1,40,Bien
122,Maldives,0,0,4.9,5,88347000,55.04,128,19,97.9,98.3,97.5,98.6,97.9,99.5,9794000,513000,7.9,0.166768374,600,2,68,50,7.4,6.6,8.1,4.9,8.6,7.7,9.4,58,5,38,67,9.2,55.55553333,56.6666,0,74610000,71736000,4378000,0,0,13756000,0,1124000,19680000,16611000,3779000,94290000,88347000,8157000,0,0,0,13756000,0,1124000,141380000,33334000,0,10,6,13.1,5.882352941,15.6,60,5,2,30,140,665,91,57,9,394.5,1.5,30.2,Mal
123,Mali,16,7,71.3,0,451928000,50.81,143,2,24.7,16.1,37.5,77,64.1,96.5,26548000,0,34.3,3.740890877,27,12,587,30,74.5,68.2,80.4,37.8,114.7,108.4,120.4,53880,4400,27439,82710,3.9,65.55556667,86.6667,8,65048000,173434000,8226000,0,0,679000,321000,16000,71493000,278173000,18306000,136541000,451607000,26532000,0,0,0,679000,321000,16000,137220000,0,0,13,5,10.1,8.843537415,0.1,80,5,6,35,124,620,120,29,8.5,270,3.6,48.3,Mal
124,Malta,5,3,10.7,0,13645323662,63.7,80,22,100,100,100,100,100,100,2367048074,382061313,10.7,0.01207357,8300,2,9,56.89806865,5.1,4.7,5.5,4.4,6.4,5.9,6.9,19,0,16,24,0.5,66.21412289,78.47684491,4,1412538212,1977659120,256485635.2,1738664237,1257711417,1147814478,8754351018,199219621.1,1111206178,2080436850,238599682.4,2523744352,4058094841,495085279.4,162726472.1,192748007.6,32970375.36,3049205263,9021472499,1489901451,6235978720,663030946.6,0,15,7,30.1,12.85714286,0,63.26745511,10,2,7,167,505,121,15,28,139,3,41.3,Bien
125,Marshall Islands,3,2,12.7,0,13645323662,51.58,140,14,76.9,56.2,84.5,94.6,97.6,93.5,2367048074,382061313,11.8,0.758700851,2851.535211,2,171.0704225,20,29.6,25.9,33,16.7,36,31.9,39.9,40,10793.52113,23,49,53,37.77776667,53.3333,0,1412538212,1977659120,256485635.2,1738664237,1257711417,1147814478,8754351018,199219621.1,1111206178,2080436850,238599682.4,2523744352,4058094841,495085279.4,162726472.1,192748007.6,32970375.36,3049205263,9021472499,1489901451,6235978720,663030946.6,0,7,5.792829598,0,3.03030303,0,40,5,10,21,38,476,67,48.4432479,17,128,2,64.8,Mal
126,Mauritania,15,6,18.5,2,602860000,44.74,168,43,40,13.8,57.5,57.9,57.1,58.4,74389000,0,23.2,2.744005782,36,16,602,60,65.1,58.7,73.4,35.7,84.7,79.5,95.8,8523,810,4695,11050,48.1,66.6667,90.0001,0,112233000,248291000,35348000,0,0,0,0,0,77755000,354569000,39041000,189988000,602860000,74389000,0,0,0,0,0,0,189988000,0,0,13,4,0,25.17006803,6.1,50,6,2,49,104,370,70,49,8,734,2.591785792,71.3,Mal
127,Mauritius,9,6,2,7,82513000,75.05,32,18,93.1,92.6,93.9,99.9,99.8,99.9,24346000,2055000,7.1,0.077892962,1300,7,53,100,11.8,10.4,13.2,8.4,13.5,12,15,167,7,119,192,3.6,93.33336667,80.0001,90,72890000,76224000,17056000,0,0,11582000,0,916000,71488000,6289000,4319000,144378000,82513000,21375000,194000,0,0,11776000,0,916000,230651000,74497000,0,15,4,11.7,11.5942029,82.6,100,5,6,8,156,519,81,14,6,152,1.7,22.4,Bien
129,"Micronesia, Fed. Sts.",11,0,141.1,0,13645323662,49.67,148,21,57.1,49,85.1,89,87.4,94.8,2367048074,382061313,8.5,0.324130628,310,5,100,40,28.6,25.4,31.6,18.8,34.7,31,38.2,71,2,46,85,52,35.55556667,46.6667,4,1412538212,1977659120,256485635.2,1738664237,1257711417,1147814478,8754351018,199219621.1,1111206178,2080436850,238599682.4,2523744352,4058094841,495085279.4,162726472.1,192748007.6,32970375.36,3049205263,9021472499,1489901451,6235978720,663030946.6,0,14,5.792829598,0,0,0,20,7,11,21,86,885,105,48.4432479,16,128,5.3,60.5,Mal
133,Moldova,12,7,4.3,6,280970000,70.97,52,8,76.4,67.1,87.8,88.4,81.4,96.9,12742000,0,30.8,0.031495426,3200,4,23,100,13.6,12,15.2,11.9,15.8,14,17.6,587,10,513,687,0.2,95.55556667,96.6667,2,9093000,38650000,912000,0,0,84000,3686000,65000,44932000,237010000,11735000,54025000,275660000,12647000,6387000,1624000,30000,6471000,5310000,95000,60496000,0,10.8,27,5,9.2,21.78217822,0,90,4,8,21,276,585,113,5.5,4,186,2.8,40.2,Mal
134,Mongolia,24,6,1.5,7,7104228000,68.83,56,2,59.7,42.6,66.4,64.4,59.2,66.4,92555000,1878000,12.4,0.125374056,800,10,44,60,19,15.1,22.8,11.1,22.4,17.9,26.6,1348,30,789,1581,2,74.44443333,63.3333,0,925830000,7040788000,75898000,0,714000,0,0,0,33976000,63440000,14065000,959806000,7104228000,89963000,0,0,0,0,0,714000,959806000,0,0,17,5,10,14.86486486,40.5,100,5,5,41,137,374,79,10.5,6,148,4,24.4,Bien
135,Montenegro,14,5,1.4,5,269835000,71.85,46,32,95.9,92.2,98,99.7,99.2,100,93109000,0,12.8,0.01204346,8300,6,7,50,4.3,4.1,4.6,3.1,4.7,4.4,4.9,30,1,21,33,0.7,72.22223333,76.6667,2,46973000,197121000,10561000,230628000,49955000,117145000,0,19848000,68569000,72714000,12342000,115542000,269835000,22903000,4178000,0,403000,351951000,0,70206000,467493000,0,0,9,6,8.1,17.28395062,26.4,90,6,12,17,154,545,142,69,10,314,1.4,21.6,Bien
136,Morocco,15,6,9.1,6,2743747000,64.51,75,54,76.7,65.5,84.1,85.4,65.3,98.7,811843000,0,22.3,0.311359167,320,16,121,80,23.7,21,26.2,17.6,27.6,24.7,30.3,17043,850,12706,19759,1.4,81.11113333,83.3334,36,626353000,841051000,186513000,0,271196000,267490000,571142000,129299000,1015280000,1331554000,222842000,1641633000,2172605000,409355000,9424000,0,1993000,276914000,571142000,402488000,1918547000,0,23.4,13,5,25.4,16.96202532,0,80,4,2,6,91,510,57,30,10,211,3.5,49.1,Mal
137,Mozambique,29,5,15.1,4,1029761000,53.98,133,63,20.5,10.1,42.4,51.1,37,80.6,148222000,0,4.5,2.530774161,40,13,489,70,56.7,52.7,60.5,27.1,78.5,73.9,82.9,60138,5300,28799,82387,0.8,72.22223333,96.6667,84,88057000,581935000,70685000,0,53590000,10630000,100510000,3111000,30780000,346444000,20021000,118837000,928379000,90706000,6422000,872000,815000,17052000,101382000,57516000,135889000,0,0,10,6,30.8,39.6,5.6,50,10,1,37,111,950,91,40,19,217,1.5,36.1,Mal
138,Myanmar,48,3,97.1,0,0,45.27,167,43,79.6,77.1,84.3,80.6,74.4,92.7,11391000,154000,0.2,0.384770652,260,46,178,50,39.5,34.9,43.8,26.4,50,44.9,54.9,36176,1700,24302,46284,5.9,55.55553333,66.6666,61,26089000,0,2499000,0,0,0,0,0,20392000,0,8738000,46481000,0,11237000,0,0,0,0,0,0,55925000,9444000,0,14,6,25.3,6.19047619,0,50,11,2,31,95,1160,77,85,13,188,5,31.4,Mal
139,Namibia,28,5,11.1,7,13645323662,60.17,101,33,34.4,16.8,54.5,91,84.6,98.2,2367048074,382061313,1,0.984469885,100,13,265,30,32.8,29.4,36.1,15.9,45.4,41.2,49.4,2447,190,1188,3318,3.1,47.7778,73.3334,28,1412538212,1977659120,256485635.2,1738664237,1257711417,1147814478,8754351018,199219621.1,1111206178,2080436850,238599682.4,2523744352,4058094841,495085279.4,162726472.1,192748007.6,32970375.36,3049205263,9021472499,1489901451,6235978720,663030946.6,62.8,10,8,17.2,41.34615385,0,40,10,5,27,137,460,37,52,66,302,2.5,21.3,Mal
140,Nepal,36,6,28.4,0,470384000,60.41,99,7,45.8,43.5,56,91.6,91.8,90.9,43211000,0,11.3,0.647685538,150,31,258,50,29.4,27,31.7,22.2,35.8,33.6,37.9,16144,1500,12252,19900,0.5,72.22223333,86.6667,17,25707000,105713000,5575000,0,0,0,0,0,146718000,364671000,37617000,172425000,470384000,43191000,869000,0,19000,869000,0,19000,173294000,0,1.3,10,3,17.7,29.54924875,0,80,7,6,34,86,910,70,5,17,334,2,29.5,Mal
141,Netherlands,8,4,4.6,7,13645323662,75.94,28,15,97.7,99.9,97.5,100,100,100,2367048074,382061313,20.2,0.011515464,8700,3,7,56.89806865,3.2,2.9,3.5,2.4,3.8,3.4,4.2,576,12,432,682,0.4,66.21412289,78.47684491,3,1412538212,1977659120,256485635.2,1738664237,1257711417,1147814478,8754351018,199219621.1,1111206178,2080436850,238599682.4,2523744352,4058094841,495085279.4,162726472.1,192748007.6,32970375.36,3049205263,9021472499,1489901451,6235978720,663030946.6,78.2,13,5,20.4,37.33333333,0,63.26745511,4,3,9,161,514,110,2.5,4,123,1.1,41,Bien
142,New Zealand,67,10,0.3,8,13645323662,86.79,2,35,72.29814518,65.98358183,78.69736462,100,100,100,2367048074,382061313,2.7,0.021991303,4500,9,11,56.89806865,4.7,4.2,5.2,3.1,5.7,5.1,6.2,280,7,184,342,1.6,66.21412289,78.47684491,23,1412538212,1977659120,256485635.2,1738664237,1257711417,1147814478,8754351018,199219621.1,1111206178,2080436850,238599682.4,2523744352,4058094841,495085279.4,162726472.1,192748007.6,32970375.36,3049205263,9021472499,1489901451,6235978720,663030946.6,100,10,2,30,31.40495868,0,63.26745511,1,12,8,93,216,58,1,0.5,152,1.3,34.3,Bien
143,Nicaragua,15,1,72.2,8,318702368.5,55.78,125,38,67.9,55.7,76.5,87,69.4,99.3,59148867.4,0,21.4,0.370522099,270,7,150,60,18.8,16.6,20.9,9.8,22.1,19.5,24.5,2251,180,1170,2662,20.6,70,80,44,26788465.2,26010626.2,7457220.9,0,0,8000,0,0,87548770.9,292691742.3,51672812,114337236.1,318702368.5,59130032.9,1132969.4,0,18834.5,1140969.4,0,18834.5,115478205.5,0,48.7,16,9,21.9,41.30434783,16.3,70,6,1,43,207,519,55,58,13,207,2.2,63.9,Mal
144,Niger,11,7,67.8,0,342640000,46.37,160,4,10.9,4.6,37.9,58.2,48.6,100,22457000,0,21.7,4.369930371,23,12,553,40,57.1,52.1,61.8,26.8,95.5,90.9,99.8,54226,5400,25495,87967,5.3,71.11113333,93.3334,3,9191000,111218000,13047000,0,0,0,0,0,54423000,231422000,9410000,63614000,342640000,22457000,0,0,0,0,0,0,63614000,0,0,15,4,21.2,13.27433628,0.3,80,6,6,41,112,545,115,35,15,270,5,48.2,Mal
145,Nigeria,21,7,31.7,6,1525305000,44.69,169,71,29,25.4,32.8,68.5,57.3,80.8,475639000,347061000,15.80086321,4.508853294,22,29,814,50,69.4,62.9,75.7,34.3,108.8,102.3,114.9,484368,58000,240106,750111,8.70189086,71.1111,83.3333,198,0,458910000,32320000,0,48750000,0,0,0,98124000,1066395000,47508000,98124000,1525305000,79828000,0,0,0,0,0,48750000,463268000,365144000,6.7,16.1,12.1,15.82828818,5.555555556,0.1,80,8.7,6,59,106.3,509.8,181.2,69.6,30.8,907.9,2,33.3,Mal
147,Norway,7,7,0.9,6,13645323662,81.61,9,23,98.1,98.3,98,100,100,100,2367048074,382061313,15.9,0.008699159,11500,7,5,56.89806865,2,1.8,2.2,1.5,2.6,2.3,2.9,122,3,91,160,0,66.21412289,78.47684491,14,1412538212,1977659120,256485635.2,1738664237,1257711417,1147814478,8754351018,199219621.1,1111206178,2080436850,238599682.4,2523744352,4058094841,495085279.4,162726472.1,192748007.6,32970375.36,3049205263,9021472499,1489901451,6235978720,663030946.6,100,11,1,23.6,39.64497041,0,63.26745511,4,5,4,110.5,280,66,3,4,83,0.9,39.5,Bien
149,Oman,13,8,3.2,6,13645323662,65.4,70,27,96.7,94.7,97.3,93.4,86.1,95.5,2367048074,382061313,11.8,0.053938541,1900,9,17,56.89806865,9.9,8.9,10.9,5.2,11.6,10.4,12.6,804,14,422,935,0.1,66.21412289,78.47684491,6,1412538212,1977659120,256485635.2,1738664237,1257711417,1147814478,8754351018,199219621.1,1111206178,2080436850,238599682.4,2523744352,4058094841,495085279.4,162726472.1,192748007.6,32970375.36,3049205263,9021472499,1489901451,6235978720,663030946.6,0,12,2,11,1.19047619,23.3,63.26745511,5,1,14,157,598,62,16,7,68,4,22.9,Bien
152,Pakistan,32,6,9.4,3,2.11E+11,51.69,138,36,63.5,51.1,83.1,91.4,89.9,93.9,977016000,0,15.80086321,0.693444091,140,24,178,70,65.8,61,70.3,45.5,81.1,77.4,84.6,350600,9700,244746,431568,8.70189086,75.55556667,96.6667,12,705206000,858324000,352083000,0,334134000,200000000,2.09E+11,19122000,1225148000,1445774000,269319000,1930354000,2304099000,621402000,52298000,0,2358000,252298000,2.09E+11,355614000,2182652000,0,4.8,10,6,15.82828818,20.74303406,6.7,60,10,3,47,250.4,993.2,178.3,50,19,594,2.7,32.6,Mal
153,Palau,5,0,3.3,0,13645323662,53.43,136,16,100,100,100,88.766717,83.81799192,97,2367048074,382061313,9.5,0.758700851,2851.535211,4,171.0704225,30,14.2,12.5,15.8,9,16.4,14.6,18.2,4,10793.52113,3,5,0.1,42.2222,56.6666,4,1412538212,1977659120,256485635.2,1738664237,1257711417,1147814478,8754351018,199219621.1,1111206178,2080436850,238599682.4,2523744352,4058094841,495085279.4,162726472.1,192748007.6,32970375.36,3049205263,9021472499,1489901451,6235978720,663030946.6,0,19,5,65.8,0,0,40,8,10,11,72,810,125,14,28,142,2,75.4,Bien
154,Panama,22,4,6.3,8,199679000,65.74,69,53,75,58,83.5,94.7,88.6,97.7,641462000,56200000,20,0.239530168,420,16,94,60,14.6,12.9,16.2,9.6,17,15.1,18.8,1097,71,721,1277,4.8,78.8889,96.6667,203,19316000,363000,3378000,378797000,503150000,61283000,27378000,18200000,162777000,171938000,60534000,182093000,172301000,63912000,0,0,0,440080000,27378000,521350000,622173000,0,60.7,16,7,12.4,19.29824561,0,80,5,7,52,98,686,35,22.5,6,417,2.5,37.2,Bien
155,Papua New Guinea,37,4,17.3,0,253004000,50.74,145,50,18.9,13.3,56.4,40,32.8,88,23048000,308000,11.7,0.805261111,120,39,215,40,44.5,40.3,48.4,24.5,57.3,52.5,61.8,9284,460,5127,11963,4.4,45.55556667,66.6667,151,9351000,110821000,9002000,0,0,482000,0,46000,33744000,142183000,13692000,43095000,253004000,22694000,0,0,0,482000,0,46000,63577000,20000000,3.5,17,4,23.2,2.702702703,0,30,6,3,32,217,591,66,72,53,207,3,39.3,Mal
156,Paraguay,27,6,39.9,8,211504000,60.19,100,0,88.6,78.4,95.5,98,94.9,100,119049000,0,18.6,0.36827506,270,10,132,50,17.5,15.6,19.2,10.9,20.5,18.3,22.5,2366,190,1471,2780,6.8,72.22223333,86.6667,19,34510000,69463000,6112000,0,84122000,23242000,0,1505000,124464000,142041000,27310000,158974000,211504000,33422000,0,0,0,23242000,0,85627000,182216000,0,44.6,12,6,9.6,15,23.1,80,7,2,20,120,591,67,46,35,378,3.9,35,Bien
157,Peru,120,9,9.8,8,735366000,71.33,50,22,76.2,53.2,82.5,86.7,69.2,91.4,947100000,231186000,11,0.17447182,570,55,68,100,13.1,11.8,14.4,8.2,16.9,15.2,18.4,8164,420,5104,10483,2.2,93.33333333,100,318,190806000,115844000,32048000,271249000,622074000,12010000,0,2080000,424532000,119522000,59712000,615338000,235366000,91760000,0,0,0,283259000,500000000,624154000,898597000,0,100,14,4,22.7,22.30769231,35.2,80,6,8,9,174,426,67,6.5,26,260,3.1,35.9,Bien
158,Philippines,89,2,16.1,5,2189017000,60.07,103,77,73.9,70.8,77.9,91.8,90.3,93.7,1694062000,196184000,8.7,0.35203815,280,39,114,60,22.2,19.4,24.9,12.6,28,24.7,31.2,52300,2700,29601,65613,13.9,82.2222,86.6666,239,699028000,738847000,141931000,409987000,1234929000,161185000,289020000,22118000,611380000,1084951000,97841000,1310407000,1823799000,239771000,27626000,76198000,1059000,598799000,365218000,1258107000,1909206000,0,14,24,9,20.3,27.24137931,0,100,16,3,36,98,842,42,35,29,193,2.7,42.9,Mal
159,Poland,11,7,12.2,8,13645323662,76.45,25,8,97.2,96.7,97.5,98.3,96.9,99.3,2367048074,382061313,24.8,0.004522392,22100,4,3,90,4.5,4.1,4.8,3.1,5.2,4.7,5.6,1629,12,1122,1917,1,85.55556667,86.6667,13,1412538212,1977659120,256485635.2,1738664237,1257711417,1147814478,8754351018,199219621.1,1111206178,2080436850,238599682.4,2523744352,4058094841,495085279.4,162726472.1,192748007.6,32970375.36,3049205263,9021472499,1489901451,6235978720,663030946.6,91,16,6,14.5,24.13043478,0,80,4,7,7,156,685,133,33,30,271,3,40.3,Bien
160,Portugal,12,6,2.2,7,13645323662,77.57,23,62,99.7,99.8,99.6,100,100,100,2367048074,382061313,26.8,0.012261762,8200,12,10,56.89806865,3,2.7,3.2,2,3.6,3.3,3.9,251,8,167,304,0.6,66.21412289,78.47684491,82,1412538212,1977659120,256485635.2,1738664237,1257711417,1147814478,8754351018,199219621.1,1111206178,2080436850,238599682.4,2523744352,4058094841,495085279.4,162726472.1,192748007.6,32970375.36,3049205263,9021472499,1489901451,6235978720,663030946.6,16.1,14,1,13.6,31.30434783,100,63.26745511,3,2,8,113,547,52,1,2.5,275,2,41,Bien
161,Qatar,8,5,5.1,5,13645323662,65.97,68,12,98,98,98,100,100,100,2367048074,382061313,11.3,0.028673657,3500,2,13,56.89806865,6.8,6.2,7.4,3.8,8,7.3,8.7,195,3,109,226,0,66.21412289,78.47684491,0,1412538212,1977659120,256485635.2,1738664237,1257711417,1147814478,8754351018,199219621.1,1111206178,2080436850,238599682.4,2523744352,4058094841,495085279.4,162726472.1,192748007.6,32970375.36,3049205263,9021472499,1489901451,6235978720,663030946.6,0,15,7,0,0,26.5,63.26745511,8,1,4,57,570,90,13,8.5,41,2.8,11.3,Bien
162,Romania,18,9,2,7,1083454000,73.78,37,22,79.1,63.3,92.2,100,100,100,3886785000,2577811000,30,0.042898204,2300,7,31,90,9.7,8.7,10.7,6.3,11.1,9.9,12.2,1614,56,1047,1882,1.1,82.22223333,76.6667,5,39851000,82777000,8437000,1821150000,935684000,255842000,35171000,18849000,2407512000,965506000,345989000,2447363000,1048283000,354426000,4266000,0,15000,2081258000,35171000,954548000,20147802000,15619181000,50.1,15,8,10.9,13.71571072,15.9,80,5,10,14,257,512,182,19,8,159,3.3,42,Bien
163,Russian Federation,54,6,1.1,7,13645323662,70.99,51,40,72.2,58.7,77,96.9,91.2,98.9,2367048074,382061313,15.80086321,0.044431151,2300,29,25,56.89806865,8.2,7.2,9.1,5,9.6,8.4,10.6,15989,450,9741,18542,8.70189086,66.21412289,78.47684491,59,1412538212,1977659120,256485635.2,1738664237,1257711417,1147814478,8754351018,199219621.1,1111206178,2080436850,238599682.4,2523744352,4058094841,495085279.4,162726472.1,192748007.6,32970375.36,3049205263,9021472499,1489901451,6235978720,663030946.6,70.2,19,3,15.82828818,13.55555556,0,63.26745511,4.4,6,7,263.5,307,160.5,15,10.5,168,2,47,Bien
164,Rwanda,16,7,55,8,237144000,68.12,62,9,61.6,62.9,58.5,76.1,71.9,86.6,39149000,0,5.6,1.178849686,85,23,290,60,31.1,27.8,34.2,18.7,41.7,37.8,45.4,10445,1100,6299,14207,1.6,73.33336667,90.0001,8,3782000,57762000,4429000,0,26500000,0,0,0,21265000,179382000,8220000,25047000,237144000,12649000,0,0,0,0,0,26500000,25047000,0,18.8,11,3,25.8,63.75,5.4,70,7,11,25,77,230,34,32,5.5,109,2.5,33,Mal
165,Samoa,6,5,8,0,27851000,60.7,96,14,91.5,91.1,93.3,99,99.3,97.5,4936000,0,6.8,0.199376495,500,2,51,60,15,13.6,16.4,9.5,17.5,15.8,19,68,2,43,80,0,53.33336667,60.0001,2,5955000,20321000,3068000,0,0,0,0,0,7020000,7530000,1868000,12975000,27851000,4936000,0,0,0,0,0,0,12975000,0,0,18,5,11.3,6.12244898,0,40,4,5,37,62,455,34,15,9,224,2,18.1,Bien
166,Sao Tome and Principe,13,3,16.7,0,2491000,45.5,166,25,34.7,23.3,40.8,97.1,93.6,98.9,363000,0,6.8,0.73794162,140,5,156,40,34.6,30.8,38.2,17.1,47.3,43,51.5,219,10,109,297,11.2,65.55556667,86.6667,38,408000,3000,146000,0,0,0,0,0,1859000,2488000,217000,2267000,2491000,363000,0,0,0,0,0,0,2267000,0,0,15,7,20.2,18.18181818,0,70,3,0,45,105,1065,89,62,5,424,6.2,38.2,Mal
167,Saudi Arabia,18,8,4.1,8,13645323662,63.17,82,31,100,100,100,97,97,97,2367048074,382061313,12.8,0.032568619,3100,9,12,56.89806865,12.5,11.6,13.4,7.9,14.5,13.6,15.5,7708,72,4866,9002,0,66.21412289,78.47684491,3,1412538212,1977659120,256485635.2,1738664237,1257711417,1147814478,8754351018,199219621.1,1111206178,2080436850,238599682.4,2523744352,4058094841,495085279.4,162726472.1,192748007.6,32970375.36,3049205263,9021472499,1489901451,6235978720,663030946.6,47.4,13,3,2.2,19.86754967,0,63.26745511,12,2,3,106,575,61,6,19,64,2.591785792,15,Bien
168,Senegal,16,7,63.7,0,579813000,48.57,153,54,47.6,33.8,65.4,78.5,67.3,92.9,82716000,0,23.6,1.633200285,61,17,315,60,41.7,37.8,46.5,20.8,47.2,44.3,54,24123,1800,12055,27059,5.3,75.55556667,86.6667,11,70707000,188620000,21748000,0,41640000,0,7228000,148000,60302000,379683000,19180000,131009000,568303000,40928000,1416000,4282000,0,1416000,11510000,41788000,132425000,0,0,13,5,18.4,42.66666667,0.5,80,4,6,58,200,740,81,71,6,620,3,47.3,Mal
169,Serbia,13,4,6.6,7,1472581000,68.41,59,15,96.4,94.2,98.2,99.2,98.9,99.4,634124000,70066000,20.2,0.025962136,3900,6,17,80,5.9,5.2,6.5,4.2,6.7,6,7.3,547,15,389,619,3.5,90,90,6,199188000,314931000,96529000,12931000,335683000,129042000,364000,52299000,596255000,980267000,77748000,795443000,1295198000,174277000,1413000,177019000,1799000,143386000,177383000,389781000,938829000,0,100,18,6,16,34,0,100,6,5,42,272,635,131,54,12,244.3,2,39.7,Bien
170,Seychelles,11,4,14.2,6,13645323662,61.05,95,20,98.4,98.4,98.4,95.7,95.7,95.7,2367048074,382061313,2.3,0.758700851,2851.535211,6,171.0704225,80,11.7,10.7,12.6,8.6,13.6,12.4,14.6,20,10793.52113,14,23,9,65.55553333,56.6666,62,1412538212,1977659120,256485635.2,1738664237,1257711417,1147814478,8754351018,199219621.1,1111206178,2080436850,238599682.4,2523744352,4058094841,495085279.4,162726472.1,192748007.6,32970375.36,3049205263,9021472499,1489901451,6235978720,663030946.6,0,17,4,18.8,43.75,47.5,60,9,2,29,151,915,137,33,32,85,2,30.1,Bien
171,Sierra Leone,15,6,44.2,0,75304000,49.69,147,56,13.3,6.9,22.8,62.6,47.8,84.9,5685000,0,11.3,5.93782379,17,22,1360,50,87.1,80.5,93.2,34.9,120.4,113.1,127.3,19014,3100,7615,26466,0.9,63.33336667,90.0001,62,3959000,10641000,2377000,0,0,0,0,0,14805000,64663000,3308000,18764000,75304000,5685000,0,0,0,0,0,0,18764000,0,0,16,7,18.8,12.39669421,1.2,50,6,5,34,166,515,82,56,10,344,2.3,31,Mal
172,Singapore,17,10,0.6,7,13645323662,87.34,1,26,100,65.98358183,100,100,83.81799192,100,2367048074,382061313,15.3,0.012125558,8200,12,10,56.89806865,2.1,1.9,2.3,1,2.7,2.5,2.9,112,5,53,145,1.1,66.21412289,78.47684491,58,1412538212,1977659120,256485635.2,1738664237,1257711417,1147814478,8754351018,199219621.1,1111206178,2080436850,238599682.4,2523744352,4058094841,495085279.4,162726472.1,192748007.6,32970375.36,3049205263,9021472499,1489901451,6235978720,663030946.6,58.6,10,4,2,25.25252525,0,63.26745511,3,8,6,26,150,31,4.5,2.5,83.5,0.8,18.4,Bien
173,Slovak Republic,11,3,1.5,6,13645323662,75.62,29,5,98.8,98.2,99.4,100,100,100,2367048074,382061313,39.7,0.00825552,12100,3,6,90,5.8,5.2,6.4,4.2,7.3,6.6,8,314,3,227,400,1,86.66666667,90,10,1412538212,1977659120,256485635.2,1738664237,1257711417,1147814478,8754351018,199219621.1,1111206178,2080436850,238599682.4,2523744352,4058094841,495085279.4,162726472.1,192748007.6,32970375.36,3049205263,9021472499,1489901451,6235978720,663030946.6,67.3,10,3,10.5,18.66666667,3.2,80,6,7,10,286,705,121,16.5,11.5,188,4,51.2,Bien
174,Slovenia,8,5,0,4,13645323662,75.62,29,33,99.1,99.1,99.1,99.5,99.4,99.7,2367048074,382061313,18.2,0.014295917,7000,5,9,56.89806865,2.1,2,2.3,1.4,2.6,2.3,2.8,46,2,31,57,0.1,66.21412289,78.47684491,11,1412538212,1977659120,256485635.2,1738664237,1257711417,1147814478,8754351018,199219621.1,1111206178,2080436850,238599682.4,2523744352,4058094841,495085279.4,162726472.1,192748007.6,32970375.36,3049205263,9021472499,1489901451,6235978720,663030946.6,100,12,5,12.7,36.66666667,3.1,63.26745511,2,3,10,224.5,1160,38,49.5,6,245,0.8,31,Bien
176,Solomon Islands,25,3,31.4,0,1595000,57.86,112,19,29.8,15,81.4,80.8,77.2,93.2,1166000,0,8.5,0.458520692,220,20,114,50,23.6,21.4,25.7,12.2,28.1,25.5,30.7,395,19,203,470,0.2,48.88886667,56.6666,17,1184000,0,444000,0,0,0,0,0,3690000,1595000,722000,4874000,1595000,1166000,0,0,0,0,0,0,4874000,0,0,13,10,23.3,2,0,40,7,10,34,98,455,53,86.5,9,80,1,32,Mal
177,Somalia,18,5.466214258,26.6572328,4.307332794,0,60.74787386,96.18594823,27,72.29814518,65.98358183,78.69736462,88.766717,83.81799192,94.88066195,5021000,0,15.80086321,4.64469313,22,13,732,0,85,78.6,91.3,39.7,136.8,130.2,143.4,37786,3400,17692,60537,8.70189086,20,50,43,9234000,0,1309000,0,0,0,0,0,22226000,0,3712000,31460000,0,5021000,0,0,0,0,0,0,31460000,0,28.52443747,14.27837299,5.792829598,15.82828818,13.81818182,11.84068741,10,6.932059795,5.109979145,25.81901082,160.9831932,634.5541231,98.05056971,48.4432479,20.56573719,260.8261358,2.591785792,40.77930593,Mal
178,South Africa,46,8,0.3,7,2241717000,64.89,73,103,66.4,60.5,69.6,93.2,81.4,99.6,1193029000,51860000,4,0.333630208,300,25,138,80,33.6,28.8,36.2,11,40.5,37.3,46.5,34078,1500,11141,41930,3.1,81.1111,83.3333,116,0,0,0,0,1123711000,122668000,0,11703000,156466000,346783000,5610000,156466000,346783000,5610000,43939000,117334000,145000,166607000,117334000,1135559000,633842000,310769000,62,19,7,21.7,41.91919192,0,80,6,5,7,141,600,226,23,46,200,2,28.8,Mal
180,South Sudan,19,2,330.1,0,13645323662,34.78,187,0,6.7,4.5,16.4,58.7,56.9,66.7,2367048074,382061313,19.2,3.865575911,26,9,789,20,60.3,54.9,65.4,39.3,92.6,87.1,97.5,25942,3500,17034,39487,2.9,34.44446667,53.3334,16,1412538212,1977659120,256485635.2,1738664237,1257711417,1147814478,8754351018,199219621.1,1111206178,2080436850,238599682.4,2523744352,4058094841,495085279.4,162726472.1,192748007.6,32970375.36,3049205263,9021472499,1489901451,6235978720,663030946.6,0,23,9,6.9,26.5060241,0,30,13,2,37,124,228,427,50,14,210,2.591785792,29,Mal
181,Spain,15,5,5.2,7,13645323662,74.86,33,77,99.9,100,99.8,100,100,100,2367048074,382061313,35.9,0.006811344,14700,16,5,56.89806865,3.5,3.2,3.8,2.8,4.1,3.8,4.4,1299,21,1039,1566,0.8,66.21412289,78.47684491,219,1412538212,1977659120,256485635.2,1738664237,1257711417,1147814478,8754351018,199219621.1,1111206178,2080436850,238599682.4,2523744352,4058094841,495085279.4,162726472.1,192748007.6,32970375.36,3049205263,9021472499,1489901451,6235978720,663030946.6,14.1,13,5,13.3,41.14285714,49.8,63.26745511,7,5,9,205,510,107,12.5,14,158,1.5,50,Bien
182,Sri Lanka,16,6,18.7,6,2453488000,58.96,107,46,95.1,96.7,88.1,95.6,95,98.5,681750000,9274000,16.9,0.063497892,1600,30,30,50,8.4,7.5,9.2,5.4,9.8,8.8,10.7,2620,98,1683,3091,37.2,73.33333333,90,291,763295000,1423900000,199901000,500000000,380873000,123303000,420537000,21353000,283396000,598916000,69198000,1046691000,2022816000,269099000,14258000,10135000,1151000,637561000,430672000,403377000,1684252000,0,50.3,12,9,1.1,5.777777778,0,80,8,3,47,116,1318,100,51,10,167,1.7,55.2,Bien
183,St. Kitts and Nevis,1,4,7.9,0,13645323662,55.83,124,29,72.29814518,65.98358183,78.69736462,98.3,98.3,98.3,2367048074,382061313,11.2,0.758700851,2851.535211,2,171.0704225,60,8.4,7.6,9.1,6.5,10.5,9.6,11.4,8,10793.52113,6,10,8,56.66666667,70,2,1412538212,1977659120,256485635.2,1738664237,1257711417,1147814478,8754351018,199219621.1,1111206178,2080436850,238599682.4,2523744352,4058094841,495085279.4,162726472.1,192748007.6,32970375.36,3049205263,9021472499,1489901451,6235978720,663030946.6,0,10,6,30.5,13.33333333,0,40,7,5,39,104,578,18,82,18.5,203,2.591785792,49.7,Bien
184,St. Lucia,5,4,22.4,0,26091000,64.2,77,29,90.5,91.9,84.7,96.3,95.6,99.5,5625000,0,5.6,0.091171389,1100,2,48,50,12.7,11.4,13.9,9.3,14.3,12.8,15.6,36,1,26,40,3.3,61.1111,53.3333,6,3438000,3323000,1324000,28032000,1760000,0,0,0,17162000,21338000,2541000,20600000,24661000,3865000,0,0,0,28032000,0,1760000,48632000,0,0,14,9,25.8,16.66666667,0,80,5,5,35,116,635,19,17,11,110,2,34.7,Mal
185,St. Vincent and the Grenadines,2,4,16.5,0,29051000,57.91,111,29,72.29814518,65.98358183,78.69736462,95.1,95.1,95.1,5221000,60000,5.1,0.093615673,1100,2,45,60,16.6,15,18.1,11.5,18.3,16.5,20,27,1,19,30,3.3,55.55556667,66.6667,5,3220000,5536000,653000,0,0,4996000,0,429000,22106000,22263000,4079000,25326000,27799000,4732000,0,0,0,4996000,0,429000,30322000,0,0,14,7,30.2,13.04347826,0,40,7,5,36,92,394,52,38,10,108,2.591785792,38.6,Mal
188,Sudan,23,0,14.8,0,477013000,46.97,159,22,72.29814518,65.98358183,78.69736462,88.766717,83.81799192,94.88066195,79903000,0,19.2,1.388879862,72,12,311,50,47.6,42.8,52,29.8,70.1,65.1,74.8,61285,4100,38567,89488,14.7,51.1111,73.3333,16,328311000,310247000,35546000,0,0,0,0,0,157844000,166766000,44357000,486155000,477013000,79903000,0,0,0,0,0,0,486155000,0,1.5,15,6,11.5,30.51643192,0,30,10,3,42,270,810,70,9,36,180,2,45.4,Mal
189,Suriname,9,1,100.7,0,13645323662,47.69,156,29,79.2,61.4,88.4,94.8,88.4,98.1,2367048074,382061313,0,0.371636756,270,9,155,40,19,16.6,21.3,11.5,21.3,18.7,23.8,186,15,112,209,0,62.22226667,76.6668,26,1412538212,1977659120,256485635.2,1738664237,1257711417,1147814478,8754351018,199219621.1,1111206178,2080436850,238599682.4,2523744352,4058094841,495085279.4,162726472.1,192748007.6,32970375.36,3049205263,9021472499,1489901451,6235978720,663030946.6,0,10,6,27.9,20.54715995,0,70,13,2,30,223,1715,113,106,84,199,5,27.9,Bien
190,Swaziland,13,2,23.4,7,30767000,59.1,105,4,57.5,56,63.1,74.1,68.9,93.6,6941000,0,5,1.310910499,76,7,389,40,44.5,39.8,48.8,14.2,60.7,55.9,65.2,1631,150,519,2221,4.1,58.8889,86.6667,11,18205000,23770000,2750000,0,0,380000,0,1836000,16934000,6997000,2355000,35139000,30767000,5105000,0,0,0,380000,0,1836000,35519000,0,46.4,13,9,25.6,6.153846154,0,50,12,4,33,96,956,137,21,30,110,2,34.7,Bien
191,Sweden,8,8,0.5,5,13645323662,81.72,8,15,99.3,99.6,99.3,100,100,100,2367048074,382061313,35.4,0.007769875,12900,1,4,56.89806865,2.4,2.2,2.6,1.6,3,2.7,3.3,271,5,181,343,0.6,66.21412289,78.47684491,14,1412538212,1977659120,256485635.2,1738664237,1257711417,1147814478,8754351018,199219621.1,1111206178,2080436850,238599682.4,2523744352,4058094841,495085279.4,162726472.1,192748007.6,32970375.36,3049205263,9021472499,1489901451,6235978720,663030946.6,100,7,1,13.1,43.5530086,0,63.26745511,3,6,6,116,321,52,14,7,122,2,49.1,Bien
192,Switzerland,6,0,2,6,13645323662,76.04,26,9,99.9,99.8,99.9,100,100,100,2367048074,382061313,17.7,0.008046574,12400,2,5,56.89806865,3.4,3.1,3.6,2.7,3.9,3.6,4.3,291,4,231,334,1.8,66.21412289,78.47684491,10,1412538212,1977659120,256485635.2,1738664237,1257711417,1147814478,8754351018,199219621.1,1111206178,2080436850,238599682.4,2523744352,4058094841,495085279.4,162726472.1,192748007.6,32970375.36,3049205263,9021472499,1489901451,6235978720,663030946.6,26.1,13,4,9.3,30.5,0,63.26745511,6,6,19,156,390,39,16,10,63,3,28.8,Bien
193,Syrian Arab Republic,18,7,8.5,2,376665000,42.56,175,50,95.7,95.1,96.2,90.1,87.2,92.3,59683000,0,19.3,0.226945398,440,15,68,30,11.1,9.9,12.2,7,12.9,11.6,14.1,4708,300,2966,5515,0.4,47.77776667,83.3333,4,290668000,205086000,21161000,0,0,0,0,0,141881000,171579000,38522000,432549000,376665000,59683000,0,0,0,0,0,0,432549000,0,0,14.27837299,4,23,12.4,5.9,30,7,1,20,160.9831932,872,71,19,13,336,4.1,42.7,Mal
194,Tajikistan,15,8,21.5,7,65727000,54.19,132,5,95,95.5,93.8,73.8,66.7,93.1,28822000,0,28.5,0.127137458,790,6,32,70,38.5,33.9,42.9,20.5,44.8,39.7,49.7,10293,82,5494,11799,35.6,81.11113333,93.3334,12,72744000,47479000,19898000,0,0,0,0,0,33422000,18248000,8924000,106166000,65727000,28822000,0,0,0,0,0,0,106166000,0,15.9,27,6,17.7,19.04761905,0,80,4,1,28,242,430,133,37,11,276,1.7,81.8,Mal
195,Tanzania,47,2,18,0,932221000,51.62,139,175,15.6,8.3,31.3,55.6,45.5,77.2,138428000,0,16.9,2.202405267,45,38,398,60,35.2,32.3,37.8,18.8,48.7,45,52.1,72069,8200,38575,98180,6.2,75.5556,86.6668,602,44187000,121735000,22905000,0,38176000,193542000,208680000,30116000,46130000,601806000,47231000,90317000,723541000,70136000,0,0,0,193542000,208680000,68292000,283859000,0,4.97,18,8,20.8,36,0,80,9,5,49,205,515,109,67,26,179,3,43.9,Mal
196,Thailand,51,10,6.4,6,35028000,71.42,49,99,93,96.1,89.9,97.8,98,97.6,277532000,0,5.4,0.028118214,3600,54,20,90,10.5,9.1,11.9,6.7,12.3,10.7,13.8,7778,140,4958,9173,2.6,85.55556667,86.6667,150,208995000,22117000,45342000,723542000,229254000,1588621000,0,753000,37907000,12911000,1799000,246902000,35028000,47141000,10228000,0,384000,2322391000,0,230391000,2569293000,0,60.2,17,3,19.5,6.091370558,0,80,6,3,22,103,440,37,3,27.5,264,2.7,27.5,Bien
197,Timor-Leste,6,5,0.3,4,13645323662,44.02,173,6,40.6,26.8,69,71.9,60.5,95.2,2367048074,382061313,0,1.22228197,82,4,215,50,44.7,40.8,48.3,22.3,52.6,48.2,56.7,2324,94,1162,2642,0,62.22223333,76.6667,1,1412538212,1977659120,256485635.2,1738664237,1257711417,1147814478,8754351018,199219621.1,1111206178,2080436850,238599682.4,2523744352,4058094841,495085279.4,162726472.1,192748007.6,32970375.36,3049205263,9021472499,1489901451,6235978720,663030946.6,0,16,5.792829598,11.2,38.46153846,5.8,60,4,0,18,207,1285,63,48.4432479,9,276,2.591785792,11.2,Mal
198,Togo,11,7,77.8,0,209582000,49.03,150,35,11.6,2.9,24.7,63.1,44.2,91.4,12871000,0,23.1,1.71769885,58,11,368,40,52.3,46.7,57.6,26.7,78.4,72.1,84.4,13077,940,6694,19512,14.7,65.55556667,86.6667,12,12614000,88861000,6106000,0,0,0,0,0,10953000,120721000,6765000,23567000,209582000,12871000,16388000,0,0,16388000,0,0,39955000,0,0,12,5,10.7,17.58241758,0.5,70,6,6,50,165,488,51,288,10,270,3,48.5,Mal
199,Tonga,5,3,7.8,3,82000,64.13,78,13,91,89,97.6,99.6,99.6,99.7,3097000,0,5.6,0.433792214,230,2,124,40,14.4,16.3,12.4,6.9,16.7,18.4,15,37,3,17,43,0.7,47.77776667,63.3333,4,9128000,0,2303000,0,0,24000,0,0,2560000,82000,794000,11688000,82000,3097000,0,0,0,24000,0,0,11712000,0,12.2,11,4,23.8,0,0,40,4,10,30,62,350,42,112,16,200,2.7,30.1,Mal
200,Trinidad and Tobago,5,4,0.7,6,13645323662,62.58,88,35,91.5,91.5,91.5,95.1,95.1,95.1,2367048074,382061313,8.5,0.115839419,860,2,63,50,18.2,16.2,20,13.2,20.4,18.2,22.4,344,12,249,387,1.8,56.66666667,50,2,1412538212,1977659120,256485635.2,1738664237,1257711417,1147814478,8754351018,199219621.1,1111206178,2080436850,238599682.4,2523744352,4058094841,495085279.4,162726472.1,192748007.6,32970375.36,3049205263,9021472499,1489901451,6235978720,663030946.6,69.6,16,9,21.9,28.57142857,0,70,7,7,39,253,1340,61,77,11.5,210,2.5,32.2,Bien
201,Tunisia,10,4,3.9,5,2152636000,64.88,74,39,91.6,79.8,97.4,97.7,93.2,100,345613000,0,25.2,0.140912439,710,13,62,80,12.1,10.9,13.3,8.2,14,12.7,15.3,2546,130,1724,2919,21.9,76.66673333,80.0002,7,410329000,769360000,81472000,0,105576000,75928000,97037000,11822000,904979000,1277106000,145790000,1315308000,2046466000,227262000,10053000,9133000,953000,85981000,106170000,118351000,1401289000,0,0,17,4,12.8,31.33640553,28.9,70,10,2,8,93,565,65,39,11,144,1.3,59.9,Bien
202,Turkey,20,9,16.6,7,4399562000,69.16,55,131,94.9,85.5,98.3,100,100,100,5175545000,797850000,19.9,0.033737899,3000,16,16,90,11.6,10.6,12.5,7.1,13.5,12.4,14.6,16325,210,9980,18936,3.1,82.22223333,86.6667,104,466745000,210773000,93362000,2786900000,3607269000,2027371000,1920828000,278972000,1341311000,2258428000,381435000,1808056000,2469201000,474797000,82740000,9533000,16657000,4897011000,1930361000,3902898000,6898602000,193535000,0,18,7,17.9,14.41605839,74.9,70,8,3,11,103,580,63,7,7.5,226,4.5,40.9,Bien
203,Turkmenistan,20,5.466214258,26.6572328,4.307332794,25415000,60.74787386,96.18594823,11,72.29814518,65.98358183,78.69736462,88.766717,83.81799192,94.88066195,4652000,0,15.80086321,0.10589831,940,8,42,30,43.7,36.8,50.3,22.6,51.4,43.9,58.5,5024,47,2581,5868,8.70189086,33.33333333,40,4,32964000,3874000,4028000,0,0,0,0,0,0,21541000,624000,32964000,25415000,4652000,0,0,0,0,0,0,32964000,0,28.52443747,14.27837299,5.792829598,15.82828818,25.80645161,11.84068741,30,6.932059795,5.109979145,25.81901082,160.9831932,634.5541231,98.05056971,48.4432479,20.56573719,260.8261358,2.591785792,40.77930593,Mal
204,Uganda,25,3,39.7,7,689754000,56.64,122,61,19.1,17.3,28.5,79,75.8,95.5,41442000,0,11.3,2.128303464,47,27,343,50,37.7,33.7,41.6,18.7,54.6,49.1,59.9,59856,5700,29738,85291,0,72.22226667,86.6668,52,13264000,158219000,9970000,0,0,0,0,0,53662000,531535000,31471000,66926000,689754000,41442000,0,0,0,0,0,0,66926000,0,5.3,18,10,25.2,34.97409326,0,80,15,6,31,159,490,86,42,27,209,2.2,36.5,Mal
205,Ukraine,18,4,0.6,7,9675489000,63.04,83,24,95.9,92.6,97.4,96.2,97.8,95.5,1282410000,232104000,43.1,0.037862152,2600,9,24,100,7.7,6.9,8.5,5.5,9,8.1,9.9,3331,120,2378,3997,0.1,91.1111,93.3333,19,95419000,0,2603000,6242548000,818479000,22784000,0,360000,1301136000,9675489000,228864000,1396555000,9675489000,231467000,0,0,0,6265332000,0,818839000,7661887000,0,36.7,10,7,9,11.84834123,0,80,4,8,5,67,378,263,23,7,350,2.9,52.2,Bien
206,United Arab Emirates,12,10,6.2,7,13645323662,75.1,31,14,97.6,95.2,98,99.6,100,99.6,2367048074,382061313,14.1,0.012654758,7900,7,6,56.89806865,5.9,5.2,6.4,3.5,6.8,6.1,7.5,571,6,339,661,1.8,66.21412289,78.47684491,0,1412538212,1977659120,256485635.2,1738664237,1257711417,1147814478,8754351018,199219621.1,1111206178,2080436850,238599682.4,2523744352,4058094841,495085279.4,162726472.1,192748007.6,32970375.36,3049205263,9021472499,1489901451,6235978720,663030946.6,38.4,8,2,0,17.5,7.7,63.26745511,6,2,4,43.5,495,32,1.5,8,12,3.2,15.9,Bien
207,United Kingdom,8,10,0.1,8,13645323662,82.46,6,47,99.2,99.6,99.1,100,100,100,2367048074,382061313,11.2,0.017343203,5800,5,9,56.89806865,3.5,3.2,3.9,2.4,4.2,3.8,4.7,2655,74,1820,3235,1.6,66.21412289,78.47684491,22,1412538212,1977659120,256485635.2,1738664237,1257711417,1147814478,8754351018,199219621.1,1111206178,2080436850,238599682.4,2523744352,4058094841,495085279.4,162726472.1,192748007.6,32970375.36,3049205263,9021472499,1489901451,6235978720,663030946.6,100,9,6,19.2,29.38461538,0,63.26745511,4,7,8,105,437,79,21.5,4.5,110,1,32,Bien
208,United States,77,7.4,1.1,8,13645323662,82.15,7,247,100,100,100,99.2,98.2,99.4,2367048074,382061313,15.80086321,0.026115561,3800,35,14,56.89806865,5.6,5,6.1,3.6,6.5,5.9,7.1,21321,550,13699,24923,8.70189086,66.21412289,78.47684491,379,1412538212,1977659120,256485635.2,1738664237,1257711417,1147814478,8754351018,199219621.1,1111206178,2080436850,238599682.4,2523744352,4058094841,495085279.4,162726472.1,192748007.6,32970375.36,3049205263,9021472499,1489901451,6235978720,663030946.6,100,15.8,4.4,15.82828818,19.39953811,0,63.26745511,6,11,10.6,80.6,420,89.6,15.2,5.6,175,1.5,43.9,Bien
210,Uruguay,22,3,22,8,13645323662,61.21,92,40,96.4,92.6,96.6,99.7,93.9,100,2367048074,382061313,15.6,0.030240961,3300,10,15,80,8.7,7.8,9.5,5.1,10.1,9.1,11.1,419,7,246,487,2.6,88.88886667,86.6666,22,1412538212,1977659120,256485635.2,1738664237,1257711417,1147814478,8754351018,199219621.1,1111206178,2080436850,238599682.4,2523744352,4058094841,495085279.4,162726472.1,192748007.6,32970375.36,3049205263,9021472499,1489901451,6235978720,663030946.6,100,21,8,23.6,16.16161616,84.1,100,5,4,31,251,725,48,66,6.5,277,1.8,41.8,Bien
211,Uzbekistan,20,7,3.4,7,875279000,62.6,87,7,100,100,100,88.766717,83.81799192,98.5,77165000,0,28.2,0.099476985,1000,9,36,50,33.9,29.2,38.4,20.4,39.1,33.9,44.1,22771,240,13652,26205,1.5,51.11113333,73.3334,17,264154000,338428000,35356000,0,0,41093000,77256000,5006000,108218000,459595000,36679000,372372000,798023000,72035000,13728000,0,124000,54821000,77256000,5130000,427193000,0,19.4,23,9,11.4,16,0,30,5,6,33,176,225,89,46,6.5,192.5,2,41.1,Mal
212,Vanuatu,9,5,44.2,4,5521000,61.08,94,16,57.9,55.4,65.1,94.5,92.9,98.9,1378000,0,4.5,0.28144674,360,7,78,30,23.1,21.1,25,11.6,27.5,25.2,29.8,157,5,79,189,4,45.55556667,56.6667,10,3388000,3950000,507000,0,0,0,0,0,2500000,1571000,871000,5888000,5521000,1378000,0,0,0,0,0,0,5888000,0,6.6,12,4,0,0,0,50,8,10,31,55,430,122,58,35,120,2.6,8.5,Mal
213,"Venezuela, RB",44,3,88.7,7,13645323662,35.51,186,42,94.4,69.9,97.5,93.1,77.9,95,2367048074,382061313,18,0.239929735,420,34,95,70,12.9,11.2,14.4,8.9,14.9,13.2,16.6,7746,570,5339,8946,37.1,82.22223333,96.6667,77,1412538212,1977659120,256485635.2,1738664237,1257711417,1147814478,8754351018,199219621.1,1111206178,2080436850,238599682.4,2523744352,4058094841,495085279.4,162726472.1,192748007.6,32970375.36,3049205263,9021472499,1489901451,6235978720,663030946.6,28.2,9,9,9.9,16.96969697,0,80,17,1,70,381,610,178,52,144,792,4,65,Bien
214,Vietnam,46,7,4.9,7,7377850000,62.1,90,76,78,69.7,94.4,97.6,96.9,99.1,822262000,23238000,24.8,0.114473923,870,54,54,60,17.3,15,19.6,11.4,21.7,18.7,24.6,27243,860,17927,34191,0.1,82.22223333,86.6667,199,1093677000,4555295000,338201000,13736000,86787000,623603000,565151000,203671000,347484000,2257404000,169489000,1441161000,6812699000,507690000,22355000,0,876000,659694000,565151000,291334000,2100855000,0,6.9,10,5,14.5,24.29718876,41.5,100,10,7,30,166,400,59,57.5,20,770,5,39.4,Mal
215,West Bank and Gaza,13,6,82.5,8,13645323662,54.83,129,2,92.3,90.2,93,58.4,81.5,50.7,2367048074,382061313,0,0.205739599,490,3,45,80,18,16.6,19.4,11.8,21.1,19.3,22.9,2705,69,1771,3145,0.3,80,80,0,1412538212,1977659120,256485635.2,1738664237,1257711417,1147814478,8754351018,199219621.1,1111206178,2080436850,238599682.4,2523744352,4058094841,495085279.4,162726472.1,192748007.6,32970375.36,3049205263,9021472499,1489901451,6235978720,663030946.6,0,17,7,15,20.54715995,22.5,80,9,0,28,108,540,63,49,44,162,2.591785792,15.3,Mal
217,"Yemen, Rep.",18,6,68,0,537722000,44.54,170,28,72.29814518,65.98358183,78.69736462,88.766717,83.81799192,94.88066195,77728000,0,11.3,1.658728865,60,8,385,60,33.8,30.4,37.1,22.1,41.9,38.3,45.5,27775,3300,18235,34351,1.8,55.5556,76.6668,162,149907000,90364000,29897000,0,0,176000,0,0,293834000,447358000,47831000,443741000,537722000,77728000,0,0,0,176000,0,0,443917000,0,0,11,6,20,0,1.3,30,6,0,44,184,645,110,19,40,248,3,33.1,Mal
218,Zambia,18,4,33.6,8,763274000,60.5,97,20,43.9,35.7,55.6,65.4,51.3,85.6,170737000,713000,10.4,1.258249266,79,11,224,40,43.3,39.2,47.2,21.4,64,58.9,68.9,26636,1400,13188,38990,6.2,60.00003333,80.0001,20,67311000,297432000,35654000,0,125312000,0,0,0,30215000,391696000,8801000,97526000,689128000,44455000,41400000,74139000,257000,41400000,74139000,125569000,158140000,19214000,8.9,10,5,2,12.65822785,0,60,6,7,26,208,611,117,45,7.5,157,2.4,18.6,Mal
219,Zimbabwe,17,8,112,5,83777000,48.17,155,3,36.8,30.8,49.3,76.9,67.3,97,23214000,0,5.6,1.938964261,52,10,443,50,46.6,41.2,51.8,23.5,70.7,64.9,76.1,25398,2400,12836,38087,8.4,62.2222,76.6666,17,144888000,82512000,21587000,0,0,0,0,0,21505000,1265000,1626000,166393000,83777000,23213000,625000,0,1000,625000,0,1000,167018000,0,32.1,10,5,18.8,31.48148148,0,60,9,5,49,448,410,106,36,90,242,3.3,32.8,Mal
